,source,target,distancia,volume_perc,volume_m3
0,SAO FRANCISCO DO CONDE,CANDEIAS,15.439464653076303,0.009122412520115994,584708.0
1,SAO FRANCISCO DO CONDE,ITABUNA,249.75694201455516,0.005709862511350984,365978.0
2,SAO FRANCISCO DO CONDE,JEQUIE,205.05462359145204,0.006667304878369185,427346.0
3,SAO FRANCISCO DO CONDE,SAO FRANCISCO DO CONDE,1.0,0.04161961467531614,2667641.0
4,SAO FRANCISCO DO CONDE,BARREIRAS,688.2189462498623,0.0,0.0
5,SAO FRANCISCO DO CONDE,CAMACARI,39.276251779356066,0.0,0.0
6,SAO FRANCISCO DO CONDE,LARANJEIRAS,260.4457725385155,0.0,0.0
7,SAO FRANCISCO DO CONDE,JUAZEIRO,407.9552095402412,0.0,0.0
8,SAO FRANCISCO DO CONDE,MONTES CLAROS,720.4553167438092,1.8082318201246498e-05,1159.0
9,SAO FRANCISCO DO CONDE,SENADOR CANEDO,1208.5895100960768,0.0002360686425393104,15131.0
10,SAO FRANCISCO DO CONDE,VITORIA,873.4164013276971,0.00019665886188672312,12605.0
11,SAO FRANCISCO DO CONDE,GOIANIA,1224.9834278239402,0.0001724138899413072,11051.0
12,SAO FRANCISCO DO CONDE,VILA VELHA,875.7374392045731,3.667949101909449e-05,2351.0
13,SAO FRANCISCO DO CONDE,SERRA,852.1360012778197,2.627318710172485e-05,1684.0
14,SAO FRANCISCO DO CONDE,UBERLANDIA,1242.2327479933983,8.908545032710741e-06,571.0
15,SAO FRANCISCO DO CONDE,BETIM,1007.1889484872718,8.066055660090112e-06,517.0
16,CANDEIAS,JUAZEIRO,420.2270665172795,0.0,0.0
17,CANDEIAS,MONTES CLAROS,727.6935804483766,0.0,0.0
18,CANDEIAS,SENADOR CANEDO,1219.3744692050852,0.0004491092422269902,28786.0
19,CANDEIAS,CANDEIAS,1.0,0.0003214252973098191,20602.0
20,CANDEIAS,UBERLANDIA,1250.4586557749587,0.00018286699882382243,11721.0
21,CANDEIAS,SAO FRANCISCO DO CONDE,15.439464653076303,0.00017687596328518684,11337.0
22,ITABUNA,TEIXEIRA DE FREITAS,309.99113902995396,0.0,0.0
23,JEQUIE,JAGUAQUARA,38.64500278833671,0.0,0.0
24,JEQUIE,UBAITABA,96.66380218450796,0.0,0.0
25,BARREIRAS,LUIS EDUARDO MAGALHAES,86.03205655251799,0.0,0.0
26,BARREIRAS,CRISTOPOLIS,63.18548765886286,0.0,0.0
27,CAMACARI,SAO FRANCISCO DO CONDE,39.276251779356066,0.0027229724572750236,174531.0
28,CAMACARI,CANDEIAS,24.1647834111548,0.0015662657519769948,100391.0
29,CAMACARI,LARANJEIRAS,245.89670043824796,0.0007713770289094299,49442.0
30,CAMACARI,LAJEADO,1141.901286158177,0.00037713880748812043,24173.0
31,CAMACARI,FEIRA DE SANTANA,84.54640127353147,0.0003310515184747622,21219.0
32,CAMACARI,LUIS EDUARDO MAGALHAES,812.9518200119055,0.0002505469784243464,16059.0
33,CAMACARI,JUAZEIRO,435.56845032533914,0.0001639889962151009,10511.0
34,CAMACARI,NOSSA SENHORA DO SOCORRO,244.12667413804778,0.00015497123959705043,9933.0
35,CAMACARI,CORONEL BARROS,2388.5998621641706,2.6179577171433668e-05,1678.0
36,CAMACARI,JEQUIE,229.61950998545046,2.3558499123280596e-05,1510.0
37,CAMACARI,VILA VELHA,875.0576240833931,2.1639495552311382e-05,1387.0
38,CAMACARI,ESTEIO,2322.121832966914,1.9346052260177443e-06,124.0
39,JUAZEIRO,JUAZEIRO,1.0,7.800827524265098e-08,5.0
40,JUAZEIRO,LAGOA GRANDE,53.07902829132031,0.0,0.0
41,JUAZEIRO,PETROLINA,3.0652389517943077,0.0,0.0
42,JUAZEIRO,CAPIM GROSSO,224.9244783179015,0.0,0.0
43,MONTES CLAROS,FRANCISCO SA,47.79689305618893,0.0,0.0
44,MONTES CLAROS,UBERLANDIA,526.9493573256921,0.0,0.0
45,MONTES CLAROS,CURVELO,233.13535611045586,0.0,0.0
46,LUIS EDUARDO MAGALHAES,RAFAEL JAMBEIRO,683.8956618878645,0.0,0.0
47,FORTALEZA,FORTALEZA,1.0,0.011985409831451577,768214.0
48,FORTALEZA,MARACANAU,19.118904072477957,1.6163314630277284e-05,1036.0
49,FORTALEZA,SAO GONCALO DO AMARANTE,49.332611692859864,0.0,0.0
50,FORTALEZA,PENAFORTE,460.18052814290405,0.0,0.0
51,FORTALEZA,UBAJARA,264.30034620726474,0.0,0.0
52,MARACANAU,MARACANAU,1.0,1.5601655048530196e-08,1.0
53,IPOJUCA,IPOJUCA,1.0,0.01186775775073061,760673.0
54,IPOJUCA,CRATO,496.71498304840264,0.0,0.0
55,IPOJUCA,CHA DE ALEGRIA,45.744557551889216,0.00033896155758436706,21726.0
56,IPOJUCA,CABEDELO,158.39459453386328,0.0,0.0
57,CABEDELO,CABEDELO,1.0,0.007881425674245804,505166.0
58,GUAMARE,NATAL,145.98181350692192,0.0,0.0
59,GUAMARE,PARNAMIRIM,489.1874188761924,0.0006580778099470036,42180.0
60,NATAL,GUAMARE,145.98181350692192,0.016402441197206106,1051327.0
61,NATAL,PAU DOS FERROS,334.5903302636848,0.0,0.0
62,NATAL,BAIA FORMOSA,67.80554516549414,0.0,0.0
63,SAO LUIS,SAO LUIS,1.0,0.045510589436144326,2917036.0
64,SAO LUIS,ACAILANDIA,446.3003980956466,1.6022899734840512e-05,1027.0
65,SAO LUIS,TERESINA,327.91220980824335,0.0,0.0
66,SAO LUIS,BELEM,482.8083685193378,0.0007587396883201205,48632.0
67,SAO LUIS,PEDREIRAS,228.03877691510462,1.9658085361148047e-06,126.0
68,SAO LUIS,GURUPI,1149.8743354718404,1.1545224735912345e-06,74.0
69,SAO LUIS,ALCANTARA,21.016231134567153,0.0,0.0
70,SAO LUIS,SAO JOAO DOS PATOS,444.3938108937766,0.0,0.0
71,SAO LUIS,MORROS,44.48239052733859,0.0,0.0
72,ACAILANDIA,MARABA,187.0859867561975,0.0,0.0
73,TERESINA,TIMON,3.3292614325180603,0.0,0.0
74,TERESINA,MARCOLANDIA,352.66911207487027,0.0,0.0
75,MANAUS,MANAUS,1.0,0.053964907883772166,3458922.0
76,MANAUS,ITACOATIARA,175.02935732381107,0.005007897245752465,320985.0
77,MANAUS,BELEM,1294.4435135951655,0.0,0.0
78,MANAUS,PORTO VELHO,759.9108386875918,0.0,0.0
79,MANAUS,CRUZEIRO DO SUL,1487.5642442358708,0.0,0.0
80,MANAUS,CARACARAI,563.6550308141277,0.0,0.0
81,ITACOATIARA,PORTO VELHO,868.6121068706113,0.0,0.0
82,ITACOATIARA,SANTAREM,423.18476063922583,0.0,0.0
83,ITACOATIARA,MANAUS,175.02935732381107,0.0003318472028822373,21270.0
84,BELEM,MACAPA,331.24208413019113,0.0,0.0
85,BELEM,BELEM,1.0,0.01254911323001002,804345.0
86,BELEM,BARCARENA,15.725208611898651,0.0,0.0
87,BELEM,DOM ELISEU,313.9404701843951,0.0,0.0
88,BELEM,CACHOEIRA DO PIRIA,218.70057622975077,0.0,0.0
89,PORTO VELHO,VILHENA,603.8408694181487,0.0,0.0
90,PORTO VELHO,SINOP,980.3810261296674,0.0,0.0
91,PORTO VELHO,CUIABA,1138.7282366901456,0.0,0.0
92,PORTO VELHO,VARZEA GRANDE,1139.2012315610273,0.0,0.0
93,PORTO VELHO,RIO BRANCO,451.21629614687293,0.0,0.0
94,PORTO VELHO,GUAJARA-MIRIM,274.5908442018161,0.0,0.0
95,CRUZEIRO DO SUL,SENADOR GUIOMARD,610.7789513004736,0.0,0.0
96,CRUZEIRO DO SUL,RODRIGUES ALVES,12.449259179340613,0.0,0.0
97,CRUZEIRO DO SUL,ACRELANDIA,680.4584913249159,0.0,0.0
98,CARACARAI,BOA VISTA,121.7645011528508,0.0,0.0
99,CARACARAI,CAROEBE,190.87678783487266,0.0,0.0
100,SANTAREM,ITAITUBA,248.84669562361594,0.0,0.0
101,SANTAREM,NOVO PROGRESSO,528.5491380401165,0.0,0.0
102,VILHENA,PORTO VELHO,603.8408694181487,0.0,0.0
103,VILHENA,SINOP,513.6654404893288,0.0,0.0
104,VILHENA,PIMENTEIRAS DO OESTE,126.84733807747476,0.0,0.0
105,SINOP,SINOP,1.0,1.5601655048530196e-08,1.0
106,SINOP,ITIQUIRA,613.2647872551789,0.0,0.0
107,CUIABA,SINOP,420.7600374839395,0.0,0.0
108,VARZEA GRANDE,SINOP,426.26115642579884,0.0,0.0
109,VARZEA GRANDE,CUIABA,6.2211983507355315,0.0,0.0
110,VARZEA GRANDE,JANGADA,59.75995276242895,0.0,0.0
111,VARZEA GRANDE,CAMPO VERDE,104.44834494379305,0.0,0.0
112,VARZEA GRANDE,CACERES,172.52380092421305,0.0,0.0
113,RIO BRANCO,SENADOR GUIOMARD,21.689638410041308,0.0,0.0
114,MACAPA,MAZAGAO,29.47381960470997,0.0,0.0
115,BETIM,BETIM,1.0,0.07699692915744011,4935177.0
116,BETIM,MONTES CLAROS,361.93024569566757,0.0,0.0
117,BETIM,VITORIA,407.72564331593804,0.0,0.0
118,VITORIA,VITORIA,1.0,0.008738143756270696,560078.0
119,VITORIA,SERRA,21.6347517590674,0.0022916647034584062,146886.0
120,VITORIA,VILA VELHA,3.9301986751240143,0.002040883700208332,130812.0
121,VITORIA,JOAO NEIVA,62.49412389803954,0.0,0.0
122,VITORIA,GUARAPARI,45.12719515610116,0.0,0.0
123,RIO DE JANEIRO,ARUJA,323.4450362887068,0.004216253666934995,270244.0
124,RIO DE JANEIRO,BARRA MANSA,107.89920469539938,0.002831996822754153,181519.0
125,RIO DE JANEIRO,VITORIA,415.3219417702885,0.0,0.0
126,RIO DE JANEIRO,DUQUE DE CAXIAS,17.73752851712816,0.0007132764655087035,45718.0
127,RIO DE JANEIRO,TERESOPOLIS,59.834734064792066,0.0,0.0
128,RIO DE JANEIRO,SAO GONCALO,16.981935203425568,0.0,0.0
129,RIO DE JANEIRO,PARATY,158.9772660510511,0.0,0.0
130,RIO DE JANEIRO,ITABORAI,38.61250797486959,0.0,0.0
131,RIO DE JANEIRO,ITAGUAI,59.616521182391345,0.0,0.0
132,BARRA MANSA,ANGRA DOS REIS,52.5018600812457,0.0,0.0
133,BARRA MANSA,VOLTA REDONDA,8.361359010863287,0.0,0.0
134,BARRA MANSA,ITAGUAI,53.62623435931643,0.0,0.0
135,BARRA MANSA,RESENDE,29.60626524517578,0.0,0.0
136,DUQUE DE CAXIAS,DUQUE DE CAXIAS,1.0,0.04469120611465057,2864517.0
137,DUQUE DE CAXIAS,VITORIA,413.74514923114504,0.0,0.0
138,PAULINIA,GUARAREMA,135.17901791398617,0.0,0.0
139,PAULINIA,PAULINIA,1.0,0.09168953817291264,5876911.0
140,PAULINIA,RIBEIRAO PRETO,188.89700117298025,0.00027540041491665504,17652.0
141,PAULINIA,ALTO TAQUARI,841.9757079394853,0.0,0.0
142,PAULINIA,BAURU,204.7154571679427,0.0,0.0
143,PAULINIA,BARUERI,87.9994335832288,0.0,0.0
144,PAULINIA,VARZEA GRANDE,1230.002265211056,0.0,0.0
145,PAULINIA,CAMPO GRANDE,814.6363924090531,0.0,0.0
146,PAULINIA,JARDINOPOLIS,203.15629657937976,0.00036401781559230654,23332.0
147,PAULINIA,SAO PAULO,101.03975140294419,7.685375276905975e-05,4926.0
148,PAULINIA,ARAUCARIA,389.22940183712603,2.324646602230999e-06,149.0
149,GUARAREMA,SAO JOSE DOS CAMPOS,29.166436924074972,0.0,0.0
150,GUARAREMA,GUARULHOS,50.86602342839324,0.0,0.0
151,GUARAREMA,PAULINIA,135.17901791398617,0.0,0.0
152,RIBEIRAO PRETO,UBERABA,158.75978339330078,0.0,0.0
153,RIBEIRAO PRETO,ARACATUBA,272.7218292625573,0.0,0.0
154,RIBEIRAO PRETO,ALTO TAQUARI,683.3090168214445,0.0,0.0
155,RIBEIRAO PRETO,RIBEIRAO PRETO,1.0,0.013730595363525114,880073.0
156,RIBEIRAO PRETO,SAO PAULO,289.00514879839284,0.0004408715683613663,28258.0
157,RIBEIRAO PRETO,JARDINOPOLIS,17.690469945771788,0.00016584559316587598,10630.0
158,RIBEIRAO PRETO,PAULINIA,188.89700117298025,0.00012354950632931062,7919.0
159,RIBEIRAO PRETO,BEBEDOURO,73.65393774080145,0.0,0.0
160,RIBEIRAO PRETO,SANTO ANTONIO DA ALEGRIA,69.4416894882114,0.0,0.0
161,RIBEIRAO PRETO,MATAO,74.86826692285744,0.0,0.0
162,RIBEIRAO PRETO,ITAPORANGA,330.06201814416204,0.0,0.0
163,ALTO TAQUARI,RONDONOPOLIS,208.75906753921296,0.0,0.0
164,BAURU,PRESIDENTE PRUDENTE,238.38564863330612,0.0,0.0
165,BARUERI,SAO CAETANO DO SUL,35.52032332391868,0.0,0.0
166,BARUERI,BARUERI,1.0,0.017819648736849443,1142164.0
167,BARUERI,JARDINOPOLIS,291.155730161493,7.800827524265098e-08,5.0
168,CAMPO GRANDE,CAMPO GRANDE,1.0,1.5601655048530196e-08,1.0
169,CAMPO GRANDE,BANDEIRANTES,64.47762839425984,0.0,0.0
170,CAMPO GRANDE,BELA VISTA,269.51815525759554,0.0,0.0
171,SAO JOSE DOS CAMPOS,GUARULHOS,72.50766450343477,2.229476506434965e-05,1429.0
172,SAO JOSE DOS CAMPOS,GUARAREMA,29.166436924074972,0.0,0.0
173,SAO JOSE DOS CAMPOS,SAO JOSE DOS CAMPOS,1.0,0.026637111307386864,1707326.0
174,SAO JOSE DOS CAMPOS,PAULINIA,138.2306814137229,0.0011581108542523964,74230.0
175,SAO JOSE DOS CAMPOS,SAO PAULO,86.042067283617,0.0008933039631136934,57257.0
176,SAO JOSE DOS CAMPOS,SENADOR CANEDO,794.7246657632348,0.0006569544907835095,42108.0
177,SAO JOSE DOS CAMPOS,RIBEIRAO PRETO,299.58327516740155,0.0003842531621902502,24629.0
178,SAO JOSE DOS CAMPOS,JARDINOPOLIS,309.34756368596226,0.0001979850025658482,12690.0
179,SAO JOSE DOS CAMPOS,DUQUE DE CAXIAS,267.805890547691,6.708711670867985e-07,43.0
180,SAO JOSE DOS CAMPOS,EXTREMA,57.98727568565608,0.0,0.0
181,SAO JOSE DOS CAMPOS,CARAGUATATUBA,67.28598852789845,0.0,0.0
182,SAO JOSE DOS CAMPOS,ARUJA,50.11237285616834,0.0,0.0
183,SAO JOSE DOS CAMPOS,JACAREI,14.689093480253923,0.0,0.0
184,GUARULHOS,SAO CAETANO DO SUL,18.930372116037603,0.0,0.0
185,GUARULHOS,UBERABA,436.98351416397094,0.0,0.0
186,GUARULHOS,GUARULHOS,1.0,0.018622322685786223,1193612.0
187,GUARULHOS,PAULINIA,100.07175274823167,0.003529109973632579,226201.0
188,GUARULHOS,SAO PAULO,13.951717112530972,0.0011272195772563066,72250.0
189,GUARULHOS,BARUERI,35.726459865884436,0.0005857485371420177,37544.0
190,GUARULHOS,RIBEIRAO PRETO,285.8969918007409,0.0004135062654062443,26504.0
191,GUARULHOS,JARDINOPOLIS,298.89187376133646,0.0003409429677755304,21853.0
192,UBERABA,UBERLANDIA,99.14809407356347,0.0,0.0
193,UBERABA,PASSOS,175.819447373871,0.0,0.0
194,UBERABA,SAO PAULO,441.8198768780645,0.0,0.0
195,UBERABA,UBERABA,1.0,0.004598041767627577,294715.0
196,UBERABA,PLANURA,90.70195232660205,0.0,0.0
197,UBERABA,NOVA PONTE,72.19283391055866,0.0,0.0
198,UBERABA,DELTA,29.74520591483247,0.0,0.0
199,SANTOS,SANTOS,1.0,0.0,0.0
200,SANTOS,SAO CAETANO DO SUL,43.02941992536957,0.0,0.0
201,SANTOS,SAO PAULO,56.10579799740093,8.760329309749705e-05,5615.0
202,SANTOS,SAO JOSE DO RIO PRETO,468.8142823684586,4.301376296879775e-05,2757.0
203,SANTOS,OURINHOS,376.42753411117206,3.9378577342490216e-05,2524.0
204,SANTOS,JARDINOPOLIS,357.7987692535231,1.5601655048530196e-07,10.0
205,SAO CAETANO DO SUL,SAO PAULO,13.215955134508938,0.038197048404009976,2448269.0
206,SAO CAETANO DO SUL,OURINHOS,345.9985504057641,0.0,0.0
207,SAO CAETANO DO SUL,GUARULHOS,18.930372116037603,0.0,0.0
208,SAO CAETANO DO SUL,SAO CAETANO DO SUL,1.0,0.012150600155105414,778802.0
209,CUBATAO,CUBATAO,1.0,0.012665595186602346,811811.0
210,CUBATAO,SAO CAETANO DO SUL,32.658612725608684,0.0,0.0
211,CUBATAO,SENADOR CANEDO,845.6527538498497,0.0005090039959582977,32625.0
212,CUBATAO,SAO PAULO,45.47276263570937,4.992529615529663e-07,32.0
213,CUBATAO,ARAUCARIA,355.12566029486266,2.4962648077648313e-07,16.0
214,SAO PAULO,OURINHOS,335.6730769072995,0.0,0.0
215,SAO PAULO,GUARULHOS,13.951717112530972,0.009810710735892,628825.0
216,SAO PAULO,PAULINIA,101.03975140294419,0.008261403982952758,529521.0
217,SAO PAULO,CUBATAO,45.47276263570937,0.0029516303136662824,189187.0
218,SAO PAULO,BARUERI,24.605408532743056,0.0010549683127265633,67619.0
219,SAO PAULO,SAO PAULO,1.0,0.0008201634042461839,52569.0
220,SAO PAULO,RIBEIRAO PRETO,289.00514879839284,0.0007811280633147613,50067.0
221,SAO PAULO,PORTO NACIONAL,1438.912573288065,0.0007150082492190904,45829.0
222,SAO PAULO,PRESIDENTE PRUDENTE,511.76448876106036,0.0002360218375741648,15128.0
223,SAO PAULO,BETIM,469.726499386285,0.00014824692627113392,9502.0
224,SAO PAULO,SAO JOSE DOS CAMPOS,86.042067283617,6.234421357392666e-05,3996.0
225,SAO PAULO,BAURU,284.3867225804445,5.544828204247632e-05,3554.0
226,SAO PAULO,JARDINOPOLIS,302.5389657609396,5.28584073044203e-05,3388.0
227,SAO PAULO,FORTALEZA,2368.937908747516,3.735036218618129e-05,2394.0
228,SAO PAULO,SARANDI,534.086863025729,8.315682140866595e-06,533.0
229,SAO PAULO,SANTOS,56.10579799740093,0.0,0.0
230,SAO PAULO,PRAIA GRANDE,57.715321924397145,0.0,0.0
231,SAO PAULO,ARUJA,35.9454240442807,0.0,0.0
232,SAO PAULO,JACAREI,73.52580240052427,0.0,0.0
233,SAO PAULO,JUNDIAI,46.774787985003115,0.0,0.0
234,OURINHOS,SANTO ANTONIO DA PLATINA,41.29436434200196,0.0,0.0
235,OURINHOS,ITAPETININGA,197.9707775133311,0.0,0.0
236,OURINHOS,ASSIS,66.52201184840689,0.0,0.0
237,OURINHOS,SANTA CRUZ DO RIO PARDO,25.623618920483025,0.0,0.0
238,ARAUCARIA,ARAUCARIA,1.0,0.0756744392655964,4850411.0
239,ARAUCARIA,CASCAVEL,413.60180197740584,0.0,0.0
240,ARAUCARIA,LONDRINA,310.28127911811737,0.00023277669332407051,14920.0
241,ARAUCARIA,MARINGA,351.3088724266323,0.00013885472993191875,8900.0
242,ARAUCARIA,GUARAMIRIM,106.07673546168871,0.0,0.0
243,ARAUCARIA,ASSIS CHATEAUBRIAND,434.71791523723573,0.0,0.0
244,ARAUCARIA,CAMPO LARGO,19.380616682002984,0.0,0.0
245,ARAUCARIA,CIANORTE,387.9716868274856,0.0,0.0
246,ARAUCARIA,GUARAPUAVA,207.6682963751902,0.0,0.0
247,ARAUCARIA,IGUATEMI,563.0861052289612,0.0,0.0
248,ARAUCARIA,NOVA ESPERANCA,389.55152982221523,0.0,0.0
249,ARAUCARIA,PINHAIS,26.560059359129777,0.0,0.0
250,ARAUCARIA,PONTA GROSSA,94.26978358287651,0.0,0.0
251,ARAUCARIA,RENASCENCA,362.36710998858416,0.0,0.0
252,ARAUCARIA,SAO MATEUS DO SUL,102.98161304189281,0.0,0.0
253,ARAUCARIA,UMUARAMA,444.35276168649074,0.0,0.0
254,CASCAVEL,ARAUCARIA,413.60180197740584,2.309044947182469e-06,148.0
255,LONDRINA,OURINHOS,137.66658545861904,0.0,0.0
256,LONDRINA,SARANDI,73.81553235069345,0.0,0.0
257,MARINGA,SARANDI,6.407991275056065,0.0,0.0
258,MARINGA,ARAUCARIA,351.3088724266323,0.0005050879805411166,32374.0
259,MARINGA,IPORA,191.9399381229708,0.0,0.0
260,MARINGA,JANDAIA DO SUL,35.617632777308145,0.0,0.0
261,MARINGA,PEABIRU,68.94223163969563,0.0,0.0
262,GUARAMIRIM,ITAJAI,59.13075256132679,0.0001873446738227506,12008.0
263,GUARAMIRIM,GUARAMIRIM,1.0,0.0038595374259054,247380.0
264,GUARAMIRIM,TUBARAO,222.67088329415716,0.00039940236924237304,25600.0
265,GUARAMIRIM,JARAGUA DO SUL,7.073991015298952,0.0002635587587348206,16893.0
266,GUARAMIRIM,BRUSQUE,70.5229901631138,1.7723480135130303e-05,1136.0
267,CIANORTE,CASCAVEL,168.20835590665106,0.0,0.0
268,CIANORTE,ARAUCARIA,387.9716868274856,0.000686691245306008,44014.0
269,GUARAPUAVA,GENERAL CARNEIRO,115.97609771124026,0.0,0.0
270,GUARAPUAVA,CANDOI,61.63589888709601,0.0,0.0
271,IGUATEMI,OURINHOS,485.4317606530808,0.0,0.0
272,PONTA GROSSA,IPIRANGA,42.23919369225349,0.0,0.0
273,PONTA GROSSA,CANDOI,195.8915353452718,0.0,0.0
274,PARANAGUA,ARAUCARIA,88.8420312056951,0.014110620477197213,904431.0
275,PARANAGUA,PAULINIA,337.25522706427483,0.0007861517962403881,50389.0
276,PARANAGUA,MARINGA,416.45569235537636,0.0003719434563569599,23840.0
277,PARANAGUA,SARANDI,410.15731797142803,0.0003561545814478473,22828.0
278,PARANAGUA,RIBEIRAO PRETO,488.71665396168106,0.0002606724525508425,16708.0
279,PARANAGUA,GUARULHOS,305.1217707662135,0.00012763713995202553,8181.0
280,PARANAGUA,CASCAVEL,500.3640250472257,0.0001019880190522419,6537.0
281,PARANAGUA,OURINHOS,313.3596728211973,0.00010024063368680651,6425.0
282,PARANAGUA,LONDRINA,363.73246049172656,6.440363204033265e-05,4128.0
283,PARANAGUA,RENASCENCA,450.8077547683429,3.1140903476866275e-05,1996.0
284,PARANAGUA,JARDINOPOLIS,506.2242763544315,1.2637340589309459e-05,810.0
285,PARANAGUA,TUBARAO,332.1965374158348,6.708711670867985e-07,43.0
286,CANOAS,ESTEIO,6.762411176166699,0.026294405352590852,1685360.0
287,CANOAS,CANOAS,1.0,0.04976968524784259,3190026.0
288,CANOAS,SANTA MARIA,254.93075823140904,0.0,0.0
289,CANOAS,PASSO FUNDO,219.10071236546693,0.0019363526113831797,124112.0
290,CANOAS,TUBARAO,264.785430209205,0.0,0.0
291,CANOAS,TRIUNFO,50.32069018843153,0.0003118458811100216,19988.0
292,CANOAS,MONTENEGRO,37.38775126540008,1.4041489543677176e-07,9.0
293,ESTEIO,CRUZ ALTA,270.4863380000521,0.0,0.0
294,ESTEIO,IJUI,311.6427682742218,0.0,0.0
295,ESTEIO,PASSO FUNDO,213.55963954938184,0.0,0.0
296,SANTA MARIA,PARAISO DO SUL,64.83553356871604,0.0,0.0
297,PASSO FUNDO,IRANI,145.51731706038083,0.0,0.0
298,PASSO FUNDO,LAGES,210.29465563819684,0.0,0.0
299,PASSO FUNDO,CHAPECO,130.26529038399394,0.0,0.0
300,PASSO FUNDO,RIO GRANDE,421.0185099604633,0.0006563304245815683,42068.0
301,PASSO FUNDO,CANOAS,219.10071236546693,0.0004197469274256564,26904.0
302,PASSO FUNDO,PASSO FUNDO,1.0,0.0003599145803145431,23069.0
303,PASSO FUNDO,ESTEIO,213.55963954938184,0.0002329171082195073,14929.0
304,PASSO FUNDO,IJUI,148.6004593387,0.00021800192599311243,13973.0
305,PASSO FUNDO,NOVA PRATA,97.2039568938592,0.0,0.0
306,PASSO FUNDO,CARAZINHO,37.86218894037288,0.0,0.0
307,PASSO FUNDO,BARAO DE COTEGIPE,70.86740276789024,0.0,0.0
308,PASSO FUNDO,ERECHIM,70.41839210261418,0.0,0.0
309,CRUZ ALTA,NOVO CABRAIS,136.7899314825519,0.0,0.0
310,CRUZ ALTA,IBIRUBA,49.67243462997193,0.0,0.0
311,RIO GRANDE,TUBARAO,495.17419529897137,0.0008201790059012324,52570.0
312,RIO GRANDE,LAGES,499.61627731317935,0.0005257289701703221,33697.0
313,RIO GRANDE,ICARA,456.5620949789842,0.0,0.0
314,RIO GRANDE,ESTEIO,258.1920342353805,0.0010340464933064843,66278.0
315,RIO GRANDE,RIO GRANDE,1.0,0.007610955382324485,487830.0
316,RIO GRANDE,CANOAS,251.78403511950034,0.0011204328573101961,71815.0
317,RIO GRANDE,BAGE,204.2161967961043,0.0008304136916130683,53226.0
318,RIO GRANDE,RENASCENCA,658.7443030970044,0.0007058344760505546,45241.0
319,RIO GRANDE,CRUZ ALTA,403.3966387761029,0.0005403009159856493,34631.0
320,RIO GRANDE,CORONEL BARROS,446.7371136032837,0.0004462697410081577,28604.0
321,RIO GRANDE,IJUI,441.3273854098992,0.00034662197021319535,22217.0
322,RIO GRANDE,SANTA MARIA,307.7925185669121,0.000285463482422957,18297.0
323,RIO GRANDE,SARANDI,955.5231653707139,0.00026457286631297505,16958.0
324,RIO GRANDE,LAJEADO,2507.8642494223054,2.711567647434548e-05,1738.0
325,RIO GRANDE,SAO JOSE DOS CAMPOS,1158.400948353661,5.694604092713522e-06,365.0
326,RIO GRANDE,ARAUCARIA,763.8127293844864,1.5601655048530196e-08,1.0
327,RIO GRANDE,SAO JOSE DO NORTE,7.315368756682763,0.0,0.0
328,RIO GRANDE,CHUI,222.89549995279071,0.0,0.0
329,RIO GRANDE,PELOTAS,37.05106823684316,0.0,0.0
330,LAGES,ICARA,141.06455129543843,0.0,0.0
331,TRIUNFO,CANOAS,50.32069018843153,0.0017512389742323688,112247.0
332,TRIUNFO,ESTEIO,51.18076273044975,0.0017606935771917781,112853.0
333,TRIUNFO,PASSO FUNDO,197.96833791669917,0.0008880774086724359,56922.0
334,TRIUNFO,LAGES,270.8427156549735,0.0005321568520503165,34109.0
335,TRIUNFO,CASCAVEL,579.1982707542282,0.0003560921748276532,22824.0
336,TRIUNFO,CRUZ ALTA,232.89828863739177,0.00022803379018931734,14616.0
337,TRIUNFO,SANTA MARIA,205.103379578654,0.00019832823897691584,12712.0
338,TRIUNFO,GUARAPUAVA,505.2795200458368,9.417158987292827e-05,6036.0
339,TRIUNFO,RENASCENCA,437.16014425909395,7.207964632420951e-05,4620.0
340,TRIUNFO,TUBARAO,307.56831387473034,4.618089894364938e-05,2960.0
341,TRIUNFO,CORONEL BARROS,285.9450553976114,2.0328956528234846e-05,1303.0
342,TRIUNFO,SARANDI,721.2930253884775,1.5274020292511063e-05,979.0
343,MARABA,PORTO NACIONAL,597.1247398330944,0.0,0.0
344,MARABA,REDENCAO,310.3640244169363,0.0,0.0
345,MARABA,SAO GERALDO DO ARAGUAIA,129.36646603595844,0.0,0.0
346,ITAITUBA,PALESTINA DO PARA,865.7321471699033,0.0,0.0
347,SENADOR GUIOMARD,RIO BRANCO,21.689638410041308,0.0,0.0
348,SENADOR GUIOMARD,ASSIS BRASIL,218.81064551554834,0.0,0.0
349,BOA VISTA,ALCANTIL,2973.3266957596215,0.0,0.0
350,BOA VISTA,MONTEIRO,2871.4436618624322,0.0,0.0
351,RONDONOPOLIS,CUIABA,183.385212801209,3.900413762132549e-07,25.0
352,RONDONOPOLIS,VARZEA GRANDE,184.02189860581439,0.0,0.0
353,RONDONOPOLIS,VILHENA,722.7560998308131,0.0,0.0
354,RONDONOPOLIS,ALTO ARAGUAIA,178.01201428629042,0.0,0.0
355,PRESIDENTE PRUDENTE,SINOP,1221.7254648453347,0.0,0.0
356,PRESIDENTE PRUDENTE,PARAPUA,72.39185010297983,0.0,0.0
357,PRESIDENTE PRUDENTE,PRESIDENTE VENCESLAU,54.13865479809069,0.0,0.0
358,PRESIDENTE PRUDENTE,PIRAPOZINHO,19.919026531099668,0.0,0.0
359,UBERLANDIA,SENADOR CANEDO,260.04662677202555,0.0,0.0
360,UBERLANDIA,UBERLANDIA,1.0,0.015386539428721062,986212.0
361,UBERLANDIA,ROMARIA,73.37057461238273,0.0,0.0
362,UBERLANDIA,CARNEIRINHO,267.9765194146349,0.0,0.0
363,UBERLANDIA,NOVA PONTE,67.85071355440867,0.0,0.0
364,UBERLANDIA,CUMARI,73.4121364081836,0.0,0.0
365,UBERLANDIA,PLANURA,143.15527226906048,0.0,0.0
366,UBERLANDIA,SANTA VITORIA,194.38155523900525,0.0,0.0
367,PASSOS,JACUTINGA,174.21086574071737,0.0,0.0
368,PASSOS,SAO SEBASTIAO DO PARAISO,44.7043352225993,0.0,0.0
369,PASSOS,SANTO ANTONIO DA ALEGRIA,69.1554685086008,0.0,0.0
370,ITAJAI,BIGUACU,65.15770062541922,0.0,0.0
371,ITAJAI,ITAJAI,1.0,0.017800396294519558,1140930.0
372,ITAJAI,BRUSQUE,31.64564570307023,0.00032758795105398855,20997.0
373,ITAJAI,GUARAMIRIM,59.13075256132679,4.006505016462554e-05,2568.0
374,ITAJAI,TUBARAO,176.86855858480575,3.2045799469681024e-05,2054.0
375,ITAJAI,LAGES,191.958055522891,6.115848779023837e-06,392.0
376,PORTO NACIONAL,PORTO NACIONAL,1.0,0.00014448692740443814,9261.0
377,PORTO NACIONAL,GURUPI,134.82329301144142,4.6804965145590587e-07,30.0
378,SENADOR CANEDO,BRASILIA,161.39612615430983,0.0,0.0
379,SENADOR CANEDO,GOIANIA,18.57673965188904,0.017283045413110296,1107770.0
380,SENADOR CANEDO,BARRA DO GARCAS,350.8940207984396,0.0,0.0
381,SENADOR CANEDO,BARRO ALTO,194.75241305527885,0.0,0.0
382,SENADOR CANEDO,GURUPI,553.8120714960229,0.0,0.0
383,SENADOR CANEDO,NIQUELANDIA,258.33145902872116,0.0,0.0
384,SENADOR CANEDO,SENADOR CANEDO,1.0,0.012076804326725867,774072.0
385,BIGUACU,BIGUACU,1.0,0.003605682896610765,231109.0
386,BIGUACU,TUBARAO,113.90088554591246,0.00014610949952948527,9365.0
387,BIGUACU,ITAJAI,65.15770062541922,1.0141075781544627e-06,65.0
388,BRASILIA,BRASILIA,1.0,0.017627592363202035,1129854.0
389,BRASILIA,BETIM,610.2632470507862,0.0015699633442234967,100628.0
390,BRASILIA,UBERLANDIA,350.4713805845111,0.0008171210815117205,52374.0
391,BRASILIA,RIBEIRAO PRETO,599.5181513401682,3.566538344094003e-05,2286.0
392,BRASILIA,PAULINIA,779.8636304219775,5.444977611937038e-06,349.0
393,BRASILIA,PLANALTINA,50.06383687751318,0.0,0.0
394,BRASILIA,FORMOSA,68.82039502076191,0.0,0.0
395,GOIANIA,SENADOR CANEDO,18.57673965188904,2.3402482572795293e-07,15.0
396,GOIANIA,URUTAI,142.33398446091135,0.0,0.0
397,GOIANIA,PIRACANJUBA,73.32929124877475,0.0,0.0
398,GOIANIA,ANAPOLIS,51.85338891648114,0.0,0.0
399,GOIANIA,JATAI,292.51989429597086,0.0,0.0
400,BARRO ALTO,URUACU,55.06878715027511,0.0,0.0
401,BARRO ALTO,GOIANIA,195.06917259962685,0.0,0.0
402,BARRO ALTO,PADRE BERNARDO,70.54523584609579,0.0,0.0
403,NIQUELANDIA,URUACU,73.45320714216453,0.0,0.0
404,NIQUELANDIA,ANAPOLIS,213.67528296527414,0.0,0.0
405,MONTENEGRO,GRAVATAI,54.61084216739971,0.0,0.0
406,MONTENEGRO,CAXIAS DO SUL,64.17721934518883,0.0,0.0
407,MONTENEGRO,SAO JERONIMO,40.61629169957249,0.0,0.0
408,MONTENEGRO,VENANCIO AIRES,70.49858468691835,0.0,0.0
409,MONTENEGRO,NOVO HAMBURGO,32.37624739874061,0.0,0.0
410,MONTENEGRO,ENCANTADO,63.17963021836952,0.0,0.0
411,MONTENEGRO,PORTO ALEGRE,46.313036172140926,0.0,0.0
412,MONTENEGRO,CANOAS,37.38775126540008,0.0,0.0
413,MONTENEGRO,PARAISO DO SUL,161.9300999473824,0.0,0.0
414,CURITIBA,ARAUCARIA,23.23904248983697,0.013435614871522556,861166.0
415,CURITIBA,SARANDI,343.6970887763329,0.0010415820926949245,66761.0
416,CURITIBA,MARINGA,349.85849929876764,0.0002914389163065441,18680.0
417,CURITIBA,LONDRINA,304.2089709281438,0.000285198254287132,18280.0
418,CURITIBA,CASCAVEL,425.14679045561735,0.00025137386614191854,16112.0
419,CURITIBA,PINHAIS,7.674749884433409,0.00019424060535420094,12450.0
420,CURITIBA,PAULINIA,365.9926676353234,6.11272844801413e-05,3918.0
421,CURITIBA,GUARAPUAVA,220.76351055468547,4.836513065044361e-05,3100.0
422,CURITIBA,RIBEIRAO PRETO,495.3234194858996,2.0500574733768678e-05,1314.0
423,CURITIBA,GUARULHOS,352.43902999806454,1.3417423341735969e-05,860.0
424,CURITIBA,JARDINOPOLIS,513.0135585917493,6.490288500188562e-06,416.0
425,CURITIBA,VITORIA,1078.0422287949962,9.360993029118117e-07,60.0
426,CURITIBA,UMUARAMA,449.3630788964357,5.928628918441475e-07,38.0
427,CABO DE SANTO AGOSTINHO,IPOJUCA,12.93328156978846,0.007718778420364877,494741.0
428,CABO DE SANTO AGOSTINHO,SAO LUIS,1207.0988445094922,0.0058347225567043715,373981.0
429,CABO DE SANTO AGOSTINHO,PORTO NACIONAL,1491.980584040213,0.0019335131101643472,123930.0
430,CABO DE SANTO AGOSTINHO,CHA DE ALEGRIA,36.39529998783203,0.0008037036581699846,51514.0
431,CABO DE SANTO AGOSTINHO,SAO FRANCISCO DO CONDE,626.0828314506516,0.0004876297285418113,31255.0
432,CABO DE SANTO AGOSTINHO,SENADOR CANEDO,1790.0629219912887,0.0002725609136978225,17470.0
433,CABO DE SANTO AGOSTINHO,GUARULHOS,2085.574504503627,0.00020860972965389726,13371.0
434,CABO DE SANTO AGOSTINHO,BELEM,1672.9862837053647,0.00018274218558343418,11713.0
435,CABO DE SANTO AGOSTINHO,CANDEIAS,621.6388918204384,0.00015068078445870463,9658.0
436,CABO DE SANTO AGOSTINHO,GOIANIA,1804.8568754714584,0.00014614070283958236,9367.0
437,CABO DE SANTO AGOSTINHO,CUBATAO,2117.4751465361237,9.34695153957444e-05,5991.0
438,CABO DE SANTO AGOSTINHO,SANTA MARIA,3082.590242971251,7.571483195051704e-05,4853.0
439,CABO DE SANTO AGOSTINHO,PAULINIA,2065.250660723524,7.21264512893551e-05,4623.0
440,CABO DE SANTO AGOSTINHO,RIO GRANDE,3176.1376512114275,5.792894519519262e-05,3713.0
441,CABO DE SANTO AGOSTINHO,CANOAS,2935.9020899129227,3.153094485307953e-05,2021.0
442,CABO DE SANTO AGOSTINHO,VILA VELHA,1455.3994547541195,2.7568124470752855e-05,1767.0
443,CABO DE SANTO AGOSTINHO,RIBEIRAO PRETO,1983.3782446194507,2.2903229611242326e-05,1468.0
444,CABO DE SANTO AGOSTINHO,ESTEIO,2930.501353092736,2.0828209489787813e-05,1335.0
445,CABO DE SANTO AGOSTINHO,SERRA,1433.7957317962278,2.0048126737361303e-05,1285.0
446,CABO DE SANTO AGOSTINHO,SAO JOSE DOS CAMPOS,2022.0446306664878,1.8534766197653872e-05,1188.0
447,CABO DE SANTO AGOSTINHO,CORONEL BARROS,2996.8476675292,1.7692276825033243e-05,1134.0
448,CABO DE SANTO AGOSTINHO,FEIRA DE SANTANA,618.1532633238202,1.5617256703578726e-05,1001.0
449,CABO DE SANTO AGOSTINHO,MONTES CLAROS,1341.4050206079762,7.051948081935648e-06,452.0
450,CABO DE SANTO AGOSTINHO,CABEDELO,145.60897699021646,6.193857054266488e-06,397.0
451,CABO DE SANTO AGOSTINHO,CRATO,497.47977107782225,4.1812435530060925e-06,268.0
452,CABO DE SANTO AGOSTINHO,VITORIA,1453.7921792432455,2.9019078390266166e-06,186.0
453,CABO DE SANTO AGOSTINHO,IJUI,2986.1934033014036,6.552695120382683e-07,42.0
454,CABO DE SANTO AGOSTINHO,CRUZ ALTA,2984.8177170803297,5.148546166014965e-07,33.0
455,CABO DE SANTO AGOSTINHO,BARREIROS,61.8506142596695,0.0,0.0
456,CABO DE SANTO AGOSTINHO,JABOATAO DOS GUARARAPES,18.84830201307273,0.0,0.0
457,FEIRA DE SANTANA,CANDEIAS,64.03542489852116,7.800827524265098e-08,5.0
458,FEIRA DE SANTANA,RAFAEL JAMBEIRO,60.07012089797406,0.0,0.0
459,FEIRA DE SANTANA,SAO SEBASTIAO DO PASSE,58.46260092521974,0.0,0.0
460,FEIRA DE SANTANA,SALVADOR,93.275788144372,0.0,0.0
461,FEIRA DE SANTANA,ENCRUZILHADA,419.3098952437532,0.0,0.0
462,LAJEADO,PALMAS,54.49001577090745,0.0,0.0
463,RECIFE,IPOJUCA,43.50322489335143,0.00635570862373994,407374.0
464,RECIFE,SAO LUIS,1207.7581828321763,0.002018167690457672,129356.0
465,RECIFE,SENADOR CANEDO,1818.0355186595696,0.001466664786147178,94007.0
466,RECIFE,UBERLANDIA,1884.4435260467972,0.00036823026245540966,23602.0
467,RECIFE,CABEDELO,117.91662070526706,0.0002130249980326313,13654.0
468,RECIFE,CANDEIAS,652.3289932889841,0.00020029404751303065,12838.0
469,RECIFE,JABOATAO DOS GUARARAPES,16.877866388149446,0.0,0.0
470,RECIFE,PARNAMIRIM,517.7257806332984,0.0,0.0
471,RECIFE,CAAPORA,59.36608472305726,0.0,0.0
472,MARECHAL DEODORO,MACEIO,18.37843651274405,0.005418985254626187,347334.0
473,VOLTA REDONDA,VOLTA REDONDA,1.0,0.0015194451851763557,97390.0
474,SALVADOR,SAO FRANCISCO DO CONDE,43.76662830460944,0.0013957552639516084,89462.0
475,SALVADOR,CANDEIAS,33.75285015799182,6.039400669286039e-05,3871.0
476,SALVADOR,JUAZEIRO,451.65505530560023,3.1203310097060395e-05,2000.0
477,SALVADOR,FEIRA DE SANTANA,93.275788144372,7.800827524265098e-08,5.0
478,SANTO ANDRE,GUARULHOS,24.472575191296844,0.001212623036991961,77724.0
479,SANTO ANDRE,SAO JOSE DO RIO PRETO,431.58759817396907,0.0011562542573016214,74111.0
480,SANTO ANDRE,RIBEIRAO PRETO,307.3443487970607,0.0008110988426629878,51988.0
481,SANTO ANDRE,BARUERI,38.98599403320644,0.0006811370561087313,43658.0
482,SANTO ANDRE,PAULINIA,119.51462962740393,0.00039420701811121244,25267.0
483,SANTO ANDRE,BAURU,300.49472116938483,0.00038623457238141354,24756.0
484,SANTO ANDRE,PRESIDENTE PRUDENTE,525.8470758609443,0.0003473552480004763,22264.0
485,SANTO ANDRE,OURINHOS,348.301465005894,0.00015590733889996226,9993.0
486,SANTO ANDRE,SAO PAULO,18.47695372211328,0.00012478203707814452,7998.0
487,SANTO ANDRE,ARACATUBA,485.33649335223345,0.0001009115048538933,6468.0
488,SANTO ANDRE,CUBATAO,27.045920496911865,9.270503429836642e-05,5942.0
489,SAO JOSE DO RIO PRETO,SAO JOSE DO RIO PRETO,1.0,7.800827524265098e-08,5.0
490,CAXIAS DO SUL,RIO GRANDE,331.4656215427906,0.0010032956312058313,64307.0
491,CHOROZINHO,FORTALEZA,63.79792197084524,0.0005182869807121731,33220.0
492,CHOROZINHO,SOLONOPOLE,168.8456831897369,0.0,0.0
493,GOIANESIA,BRASILIA,137.3334378414808,0.0003321904392933049,21292.0
494,ARAXA,BETIM,290.0496075850652,3.098488692638097e-05,1986.0
495,SAO LUIS GONZAGA DO MARANHAO,SAO LUIS,209.69178837706409,2.4400988495901225e-05,1564.0
496,VITORIA DE SANTO ANTAO,NOSSA SENHORA DO SOCORRO,362.57189449626594,2.293443292133939e-05,1470.0
497,BARRETOS,SENADOR CANEDO,431.02765942298277,4.025227002520791e-06,258.0
498,BARRETOS,PLANURA,48.15434097134688,0.0,0.0
499,BARRETOS,PARAPUA,267.9910904892763,0.0,0.0
500,BARRETOS,FRONTEIRA,72.4487932242019,0.0,0.0
501,BARRETOS,BEBEDOURO,45.03185004997141,0.0,0.0
502,BARRETOS,MATAO,118.62547592517281,0.0,0.0
503,SANTA HELENA DE GOIAS,SENADOR CANEDO,201.56452555570706,3.6975922465016565e-06,237.0
504,NOSSA SENHORA DAS GRACAS,ARAUCARIA,383.6518282850858,2.730289633492784e-06,175.0
505,MOSSORO,CABEDELO,343.201026211759,1.7161820553383215e-06,110.0
506,MOSSORO,GUAMARE,113.86471614556847,7.800827524265098e-08,5.0
507,MOSSORO,ITAJA,73.08099983604463,0.0,0.0
508,MOSSORO,LUIS GOMES,178.23513121964646,0.0,0.0
509,MOSSORO,NATAL,247.31667182289905,0.0,0.0
510,SANTA TEREZA DE GOIAS,SENADOR CANEDO,333.08678246109923,1.59136881495008e-06,102.0
511,ITAPACI,SENADOR CANEDO,201.37699001384158,1.5601655048530197e-06,100.0
512,EDEIA,GOIANIA,101.4607043976161,1.3105390240765365e-06,84.0
513,ITUMBIARA,UBERLANDIA,113.91184142012655,1.0921158533971137e-06,70.0
514,ITUMBIARA,ITARUMA,228.21998074372218,0.0,0.0
515,ITUMBIARA,ITUIUTABA,68.34107008759713,0.0,0.0
516,OURIZONA,ARAUCARIA,372.2507520344174,1.0765141983485835e-06,69.0
517,ITUIUTABA,UBERLANDIA,125.2449548633118,8.580910276691607e-07,55.0
518,EIRUNEPE,MANAUS,1159.3404501752088,4.6804965145590587e-07,30.0
519,RIO CLARO,DUQUE DE CAXIAS,438.3889933322523,3.1203310097060393e-07,20.0
520,RIO CLARO,PIRACICABA,38.497933035709515,0.0,0.0
521,RIO CLARO,MOGI GUACU,62.99742972027399,0.0,0.0
522,RIO CLARO,SAO CARLOS,54.39428617590178,0.0,0.0
523,RIO CLARO,SAO PEDRO,40.10429095510675,0.0,0.0
524,RIO CLARO,CORDEIROPOLIS,13.760829874299858,0.0,0.0
525,RIO CLARO,CAPAO BONITO,196.83116408284877,0.0,0.0
526,PEDRO GOMES,CAMPO GRANDE,261.32777997401945,2.6522813582501333e-07,17.0
527,CAARAPO,CAMPO GRANDE,244.1205571041404,2.3402482572795293e-07,15.0
528,PATROCINIO PAULISTA,JARDINOPOLIS,65.35788769186026,2.3402482572795293e-07,15.0
529,RIO BRANCO DO SUL,ARAUCARIA,45.0936769020744,2.3402482572795293e-07,15.0
530,JUSSARA,SENADOR CANEDO,211.382975703641,2.1842317067942273e-07,14.0
531,PALMAS DE MONTE ALTO,JEQUIE,334.70737895159186,1.8721986058236236e-07,12.0
532,RIO VERDE,SENADOR CANEDO,228.47124844396305,1.8721986058236236e-07,12.0
533,RIO VERDE,ITUMBIARA,192.66347099618517,0.0,0.0
534,ARAGUAINA,PORTO NACIONAL,390.96969743549477,1.5601655048530196e-07,10.0
535,ARAGUAINA,FILADELFIA,79.79644578848938,0.0,0.0
536,ARAGUAINA,WANDERLANDIA,46.40247446956349,0.0,0.0
537,ARMACAO DOS BUZIOS,DUQUE DE CAXIAS,145.66842386607112,1.5601655048530196e-07,10.0
538,CABO FRIO,DUQUE DE CAXIAS,131.29883338001525,1.5601655048530196e-07,10.0
539,QUIXADA,FORTALEZA,148.5306265782693,1.5601655048530196e-07,10.0
540,QUIXADA,SENADOR POMPEU,78.98103947725835,0.0,0.0
541,PIRAJU,RIBEIRAO PRETO,277.4933007134408,1.5601655048530196e-07,10.0
542,SAO SEBASTIAO DA BOA VISTA,BELEM,118.64589502528523,1.2481324038824157e-07,8.0
543,PRATA,UBERLANDIA,81.40642171970035,1.0921158533971137e-07,7.0
544,ANAPOLIS,SENADOR CANEDO,44.787426252441705,9.360993029118118e-08,6.0
545,ANAPOLIS,CATALAO,230.70970720527617,0.0,0.0
546,ANAPOLIS,GOIANIA,51.85338891648114,0.0,0.0
547,ANAPOLIS,COCALZINHO DE GOIAS,62.64574236081308,0.0,0.0
548,ANAPOLIS,ITUMBIARA,233.0931530727637,0.0,0.0
549,TUCURUI,BELEM,288.77570723867274,9.360993029118118e-08,6.0
550,PIRACANJUBA,SENADOR CANEDO,66.47771849824109,7.800827524265098e-08,5.0
551,PIRACANJUBA,GOIANIA,73.32929124877475,0.0,0.0
552,ANASTACIO,CAMPO GRANDE,123.07900525315908,7.800827524265098e-08,5.0
553,ANASTACIO,JARDIM,116.36186983824787,0.0,0.0
554,BREU BRANCO,BELEM,284.3204791115032,7.800827524265098e-08,5.0
555,CAUCAIA,FORTALEZA,13.33052389351455,7.800827524265098e-08,5.0
556,PAULO RAMOS,SAO LUIS,237.0876606342767,7.800827524265098e-08,5.0
557,RANCHARIA,PRESIDENTE PRUDENTE,52.77234650992119,7.800827524265098e-08,5.0
558,RIACHAO DAS NEVES,FEIRA DE SANTANA,649.4343973526471,7.800827524265098e-08,5.0
559,RIACHAO DAS NEVES,JABORANDI,213.11290055261475,0.0,0.0
560,SAO JOSE DE RIBAMAR,CAXIAS,269.1347215526197,7.800827524265098e-08,5.0
561,RAUL SOARES,BETIM,183.53004765970064,7.800827524265098e-08,5.0
562,SIMOES FILHO,CANDEIAS,20.210741903790616,7.800827524265098e-08,5.0
563,TARABAI,RIBEIRAO PRETO,407.4615560727686,6.240662019412078e-08,4.0
564,ITAPARICA,FEIRA DE SANTANA,76.308952910805,6.240662019412078e-08,4.0
565,ITAPARICA,NAZARE,38.66387953389859,0.0,0.0
566,ITAPARICA,SAO SEBASTIAO DO PASSE,47.07874843503227,0.0,0.0
567,ITAPARICA,LAURO DE FREITAS,38.91552959423046,0.0,0.0
568,ITAPARICA,SALVADOR,21.267056118059646,0.0,0.0
569,PALHOCA,ITAJAI,81.7727872755534,6.240662019412078e-08,4.0
570,DAMOLANDIA,SENADOR CANEDO,58.204435567996,4.680496514559059e-08,3.0
571,BENEDITO NOVO,ITAJAI,69.82802285706433,4.680496514559059e-08,3.0
572,SAO BENTO DO SUL,ARAUCARIA,73.8205675481664,3.120331009706039e-08,2.0
573,BOM JESUS DE GOIAS,SENADOR CANEDO,181.3380514012647,3.120331009706039e-08,2.0
574,BRAZABRANTES,SENADOR CANEDO,44.263720108967334,3.120331009706039e-08,2.0
575,LEOPOLDO DE BULHOES,SENADOR CANEDO,38.4422264366299,3.120331009706039e-08,2.0
576,BAIANOPOLIS,CANDEIAS,651.7614549627333,3.120331009706039e-08,2.0
577,FLORIDA PAULISTA,RIBEIRAO PRETO,351.5926537166102,1.5601655048530196e-08,1.0
578,COTRIGUACU,SINOP,388.1089937112872,0.0,0.0
579,DIONISIO CERQUEIRA,SAO MIGUEL DO OESTE,52.43320045505224,0.0,0.0
580,DIONISIO CERQUEIRA,GUARACIABA,39.318997956909925,0.0,0.0
581,DIONISIO CERQUEIRA,BARRACAO,1.645621721597585,0.0,0.0
582,BARRACAO,TANGARA,255.10515027173602,0.0,0.0
583,BARRACAO,CONCORDIA,193.38950725518652,0.0,0.0
584,BARRACAO,SAO JERONIMO,454.0931593960491,0.0,0.0
585,BARRACAO,CAMPOS NOVOS,270.71939115821135,0.0,0.0
586,BARROS CASSAL,VERA CRUZ,69.66805891534403,0.0,0.0
587,BARROS CASSAL,VENANCIO AIRES,69.06349674357398,0.0,0.0
588,BARROS CASSAL,IBIRUBA,71.82307436826878,0.0,0.0
589,BARROS CASSAL,ENCANTADO,70.99738313423866,0.0,0.0
590,MANCIO LIMA,RODRIGUES ALVES,29.599950873580987,0.0,0.0
591,PORTO ACRE,RIO BRANCO,53.231555426456474,0.0,0.0
592,MORRO DO CHAPEU,SEABRA,117.48496865619143,0.0,0.0
593,MORRO DO CHAPEU,PIRITIBA,68.15185705781072,0.0,0.0
594,QUIPAPA,GARANHUNS,53.63609415237922,0.0,0.0
595,QUIPAPA,CORRENTES,48.45982048339149,0.0,0.0
596,QUIPAPA,SAO JOSE DA LAJE,22.73592473354514,0.0,0.0
597,QUIPAPA,XEXEU,43.13662025247994,0.0,0.0
598,SAO JOSE DA LAJE,GARANHUNS,50.99383466500216,0.0,0.0
599,SAO JOSE DA LAJE,QUIPAPA,22.73592473354514,0.0,0.0
600,SAO JOSE DA LAJE,CORRENTES,32.298874081266014,0.0,0.0
601,SAO JOSE DA LAJE,XEXEU,52.63366539798655,0.0,0.0
602,SAO JOSE DA LAJE,MACEIO,80.5082230617345,0.0,0.0
603,EXU,OURICURI,57.30969076739043,0.0,0.0
604,EXU,JUAZEIRO DO NORTE,57.230321055661044,0.0,0.0
605,EXU,PARNAMIRIM,66.81756205662428,0.0,0.0
606,EXU,FARIAS BRITO,67.06096039151602,0.0,0.0
607,OURICURI,LAGOA GRANDE,125.89308930818382,0.0,0.0
608,OURICURI,PARNAMIRIM,59.774685064584865,0.0,0.0
609,BURITICUPU,ALTO PARNAIBA,534.3797736007191,0.0,0.0
610,PALMARES,BARREIROS,46.94469400662489,0.0,0.0
611,PALMARES,QUIPAPA,48.781406633519765,0.0,0.0
612,PALMARES,SAO JOSE DA LAJE,62.5850058998057,0.0,0.0
613,PALMARES,XEXEU,13.844466254034504,0.0,0.0
614,CARMO,NOVA FRIBURGO,40.86020538567625,0.0,0.0
615,CARMO,TERESOPOLIS,66.11094500970837,0.0,0.0
616,CARMO,SANTO ANTONIO DE PADUA,61.44192590233908,0.0,0.0
617,CARMO,ALEM PARAIBA,12.978616041400501,0.0,0.0
618,CARMO,SIMAO PEREIRA,72.721129482807,0.0,0.0
619,CARMO,VOLTA REDONDA,167.24993716247192,0.0,0.0
620,CARMO,RESENDE,199.31913422556906,0.0,0.0
621,NOVA FRIBURGO,TERESOPOLIS,47.03428917445732,0.0,0.0
622,NOVA FRIBURGO,ITABORAI,61.4533864297279,0.0,0.0
623,NOVA FRIBURGO,ALEM PARAIBA,49.57479090402574,0.0,0.0
624,ITABORAI,NOVA FRIBURGO,61.4533864297279,0.0,0.0
625,ITABORAI,TERESOPOLIS,39.49537718100251,0.0,0.0
626,ITABORAI,SAO GONCALO,21.894316314896365,0.0,0.0
627,ITABORAI,ITAGUAI,94.63095557732535,0.0,0.0
628,ITABORAI,RIO DE JANEIRO,38.61250797486959,0.0,0.0
629,PALMEIRANTE,COUTO MAGALHAES,153.53083930566365,0.0,0.0
630,PALMEIRANTE,FILADELFIA,74.06569455796244,0.0,0.0
631,COUTO MAGALHAES,CONCEICAO DO ARAGUAIA,3.4711047410958376,0.0,0.0
632,COUTO MAGALHAES,GUARAI,101.51681118783449,0.0,0.0
633,PANTANO GRANDE,VERA CRUZ,54.22346403942007,0.0,0.0
634,PANTANO GRANDE,CANGUCU,137.2153209660843,0.0,0.0
635,PANTANO GRANDE,SAO JERONIMO,66.90243295097075,0.0,0.0
636,PANTANO GRANDE,VENANCIO AIRES,66.33848037528843,0.0,0.0
637,ELISEU MARTINS,SAO JOAO DO PIAUI,158.30669826031485,0.0,0.0
638,ELISEU MARTINS,BERTOLINIA,59.9662460173423,0.0,0.0
639,BERTOLINIA,ELISEU MARTINS,59.9662460173423,0.0,0.0
640,ARIQUEMES,MONTE NEGRO,47.167857294961856,0.0,0.0
641,INGA,JURIPIRANGA,42.085092024440044,0.0,0.0
642,INGA,ALCANTIL,70.57584562741573,0.0,0.0
643,TANHACU,ANAGE,67.29038067211202,0.0,0.0
644,TANHACU,CARINHANHA,274.00607442811986,0.0,0.0
645,REDENCAO,SANTANA DO ARAGUAIA,149.03100791093246,0.0,0.0
646,REDENCAO,CONCEICAO DO ARAGUAIA,87.97177006449725,0.0,0.0
647,ABADIA DOS DOURADOS,ROMARIA,48.698653937177156,0.0,0.0
648,ABADIA DOS DOURADOS,CATALAO,68.16428526886843,0.0,0.0
649,ABADIA DOS DOURADOS,PATROCINIO,65.69808262976512,0.0,0.0
650,ABADIA DOS DOURADOS,COROMANDEL,20.940941863661006,0.0,0.0
651,PATROCINIO,ROMARIA,61.810306700200876,0.0,0.0
652,PATROCINIO,PERDIZES,55.18610358025692,0.0,0.0
653,PATROCINIO,PATOS DE MINAS,66.02340563646256,0.0,0.0
654,PATROCINIO,COROMANDEL,55.77620004891679,0.0,0.0
655,PATROCINIO,ARAXA,72.71907043317017,0.0,0.0
656,PATOS DE MINAS,PATROCINIO,66.02340563646256,0.0,0.0
657,PATOS DE MINAS,COROMANDEL,73.7460927091073,0.0,0.0
658,PATOS DE MINAS,PERDOES,317.05496609751896,0.0,0.0
659,PATOS DE MINAS,ARAPUA,62.93705691473121,0.0,0.0
660,PATOS DE MINAS,ARAXA,122.61169810552158,0.0,0.0
661,ITAPORANGA,CONCEICAO,2144.092461089897,0.0,0.0
662,ITAPORANGA,MARIZOPOLIS,2221.2536227230344,0.0,0.0
663,MARACAS,TANHACU,109.40712572707037,0.0,0.0
664,MARACAS,JEQUIE,59.330478705455384,0.0,0.0
665,MARACAS,JAGUAQUARA,51.602393947049585,0.0,0.0
666,AGUA DOCE,SANTA CECILIA,111.82347617748613,0.0,0.0
667,AGUA DOCE,TANGARA,32.27539913102821,0.0,0.0
668,AGUA DOCE,CONCORDIA,53.6305577223554,0.0,0.0
669,AGUA DOCE,GENERAL CARNEIRO,67.92850297918444,0.0,0.0
670,AGUA DOCE,CAMPOS NOVOS,55.04114537440362,0.0,0.0
671,TUTOIA,BREJO,114.86282636216886,0.0,0.0
672,TUTOIA,BURITI DOS LOPES,65.00717615085036,0.0,0.0
673,TUTOIA,BARREIRINHAS,60.83159933174354,0.0,0.0
674,JATAI,APORE,122.23319501105125,0.0,0.0
675,JATAI,CHAPADAO DO CEU,105.47319924323855,0.0,0.0
676,JATAI,SAO SIMAO,175.39643194693207,0.0,0.0
677,ASSUNCAO,TEIXEIRA,60.50372086437763,0.0,0.0
678,PARANA,JAU DO TOCANTINS,77.7375537376181,0.0,0.0
679,GOVERNADOR NUNES FREIRE,ALCANTARA,166.16441952114084,0.0,0.0
680,INOCENCIA,AGUA CLARA,127.38247310969555,0.0,0.0
681,INOCENCIA,CASSILANDIA,70.87776238185606,0.0,0.0
682,CASSILANDIA,APORE,26.691076322949726,0.0,0.0
683,CASSILANDIA,INOCENCIA,70.87776238185606,0.0,0.0
684,CASSILANDIA,ITARUMA,56.25150003086015,0.0,0.0
685,CASSILANDIA,BRASILANDIA,239.69341216072118,0.0,0.0
686,BRASILANDIA,BATAGUASSU,65.00127160347307,0.0,0.0
687,BRASILANDIA,PRESIDENTE VENCESLAU,71.60909018917474,0.0,0.0
688,BRASILANDIA,TRES LAGOAS,62.771822821431094,0.0,0.0
689,MONTIVIDIU DO NORTE,FORMOSO,39.43420845289109,0.0,0.0
690,MONTIVIDIU DO NORTE,PORANGATU,51.298231901050706,0.0,0.0
691,PORANGATU,FORMOSO,37.67103935677284,0.0,0.0
692,PORANGATU,ANAPOLIS,321.9409165541594,0.0,0.0
693,PORANGATU,TALISMA,71.93274738919075,0.0,0.0
694,SAO VICENTE DO SUL,ROSARIO DO SUL,66.74961162875458,0.0,0.0
695,SERTANIA,MONTEIRO,26.36811035886917,0.0,0.0
696,SERTANIA,IBIMIRIM,70.99881110100611,0.0,0.0
697,IBIMIRIM,SERTANIA,70.99881110100611,0.0,0.0
698,IBIMIRIM,FLORESTA,95.42015341671991,0.0,0.0
699,IBIMIRIM,ITAIBA,54.95137916706266,0.0,0.0
700,IBIMIRIM,INAJA,42.76262708871936,0.0,0.0
701,PARANAIBA,INOCENCIA,77.39999060495718,0.0,0.0
702,PARANAIBA,CARNEIRINHO,52.573105955921676,0.0,0.0
703,CACADOR,SANTA CECILIA,61.678527152421566,0.0,0.0
704,CACADOR,TANGARA,42.90949038693476,0.0,0.0
705,CACADOR,GENERAL CARNEIRO,49.41132074868009,0.0,0.0
706,CACADOR,PORTO UNIAO,59.34163942605855,0.0,0.0
707,CACADOR,CAMPOS NOVOS,72.64736504118272,0.0,0.0
708,CACADOR,UNIAO DA VITORIA,61.43794895490176,0.0,0.0
709,ARAGARCAS,JATAI,227.24082766625114,0.0,0.0
710,ARAGARCAS,PONTAL DO ARAGUAIA,10.267018537034152,0.0,0.0
711,MOITA BONITA,TOBIAS BARRETO,97.49756479922219,0.0,0.0
712,MOITA BONITA,ITAPORANGA D'AJUDA,46.178601913319255,0.0,0.0
713,MOITA BONITA,ARACAJU,48.20478890054484,0.0,0.0
714,MOITA BONITA,PORTO REAL DO COLEGIO,71.1024396215224,0.0,0.0
715,JOIA,ALEGRETE,207.03571935075627,0.0,0.0
716,JOIA,SANTO ANGELO,40.99783877385483,0.0,0.0
717,CURURUPU,PINHEIRO,82.19727695220641,0.0,0.0
718,CAJAZEIRAS,CONCEICAO,74.8720523842689,0.0,0.0
719,CAJAZEIRAS,ITAPORANGA,2204.604056740666,0.0,0.0
720,CAJAZEIRAS,MARIZOPOLIS,23.363815416522538,0.0,0.0
721,CAJAZEIRAS,LUIS GOMES,55.88666047713926,0.0,0.0
722,BREJINHO,TEIXEIRA,14.493023529601263,0.0,0.0
723,BREJINHO,SERTANIA,80.255261132968,0.0,0.0
724,BREJINHO,MONTEIRO,62.48692850671619,0.0,0.0
725,FREDERICO WESTPHALEN,SAO MIGUEL DO OESTE,71.54442445838492,0.0,0.0
726,FREDERICO WESTPHALEN,TRES PASSOS,53.78395866768181,0.0,0.0
727,FREDERICO WESTPHALEN,PALMITOS,39.73115246147672,0.0,0.0
728,FREDERICO WESTPHALEN,PALMEIRA DAS MISSOES,60.82289663357303,0.0,0.0
729,TRES PASSOS,SANTO CRISTO,83.09521722444144,0.0,0.0
730,PALMITOS,SAO MIGUEL DO OESTE,52.33004584190082,0.0,0.0
731,PALMITOS,GUARACIABA,63.25751162817476,0.0,0.0
732,PALMITOS,CONCORDIA,113.52205966385141,0.0,0.0
733,PALMITOS,CHAPECO,53.90134045997149,0.0,0.0
734,SANTO CRISTO,PORTO XAVIER,47.65909963390362,0.0,0.0
735,SANTO CRISTO,SANTO ANGELO,65.4164452735987,0.0,0.0
736,CONSELHEIRO LAFAIETE,VICOSA,95.24755510777,0.0,0.0
737,CONSELHEIRO LAFAIETE,SAO JOAO DEL REI,71.19074040579646,0.0,0.0
738,CONSELHEIRO LAFAIETE,BARBACENA,62.064538104537874,0.0,0.0
739,CONSELHEIRO LAFAIETE,MARIANA,50.07224298505376,0.0,0.0
740,MARIANA,VICOSA,70.27033885529953,0.0,0.0
741,MARIANA,PONTE NOVA,53.93841030790115,0.0,0.0
742,MARIANA,DOM SILVERIO,52.737023313121455,0.0,0.0
743,ARENAPOLIS,BARRA DO BUGRES,78.53608483597209,0.0,0.0
744,ARENAPOLIS,DIAMANTINO,44.106311821437636,0.0,0.0
745,BARRA DO BUGRES,JANGADA,76.92617377649135,0.0,0.0
746,DIAMANTINO,ARENAPOLIS,44.106311821437636,0.0,0.0
747,POUSO ALEGRE,JACUTINGA,70.05463590236474,0.0,0.0
748,POUSO ALEGRE,DELFIM MOREIRA,74.50226691242901,0.0,0.0
749,UBA,VICOSA,41.03393530195017,0.0,0.0
750,UBA,MERCES,42.13492967084754,0.0,0.0
751,UBA,VISCONDE DO RIO BRANCO,15.832076860210199,0.0,0.0
752,CARPINA,JURIPIRANGA,53.849256065232346,0.0,0.0
753,CARPINA,VERTENTES,79.18660085028274,0.0,0.0
754,CARPINA,JABOATAO DOS GUARARAPES,39.51222874908483,0.0,0.0
755,CARPINA,CAAPORA,53.075453810362795,0.0,0.0
756,NOVO CABRAIS,VERA CRUZ,41.91404429605239,0.0,0.0
757,NOVO CABRAIS,VENANCIO AIRES,74.20914366352586,0.0,0.0
758,NOVO CABRAIS,PARAISO DO SUL,20.069039009513922,0.0,0.0
759,NOVO CABRAIS,ACEGUA,263.90973229760823,0.0,0.0
760,PALMAS,SILVANOPOLIS,102.90057387024123,0.0,0.0
761,SILVANOPOLIS,PARANA,166.55577189383453,0.0,0.0
762,SAO LOURENCO DO OESTE,GUARACIABA,72.59679957676788,0.0,0.0
763,SAO LOURENCO DO OESTE,CHOPINZINHO,65.1577213367933,0.0,0.0
764,SAO LOURENCO DO OESTE,CORONEL VIVIDA,50.88213894340183,0.0,0.0
765,SAO LOURENCO DO OESTE,CHAPECO,86.02213675607906,0.0,0.0
766,ABAETE,PARA DE MINAS,116.84199706987958,0.0,0.0
767,QUIRINOPOLIS,SAO SIMAO,61.79307060223322,0.0,0.0
768,QUIRINOPOLIS,SANTA VITORIA,56.2043621459416,0.0,0.0
769,SANTA VITORIA,SAO SIMAO,48.01409792551433,0.0,0.0
770,SANTA VITORIA,ITUIUTABA,70.73253579301829,0.0,0.0
771,SANTA VITORIA,PLANURA,207.25224024510135,0.0,0.0
772,NOVA PONTE,ROMARIA,30.99251463305659,0.0,0.0
773,NOVA PONTE,PERDIZES,45.674699692298866,0.0,0.0
774,NOVA PONTE,ARAXA,91.48129627984522,0.0,0.0
775,NOVA PONTE,UBERLANDIA,67.85071355440867,0.0,0.0
776,CAPIM GROSSO,BOA VISTA DO TUPIM,155.4612618928583,0.0,0.0
777,CAPIM GROSSO,PIRITIBA,71.44746076948128,0.0,0.0
778,CAMPANHA,CAXAMBU,50.75481871430064,0.0,0.0
779,CAMPANHA,CRUZILIA,61.280620525676824,0.0,0.0
780,CAMPANHA,ALFENAS,72.68281397651977,0.0,0.0
781,CAMPANHA,POUSO ALTO,59.42100446961383,0.0,0.0
782,CAMPANHA,POUSO ALEGRE,70.4791277125684,0.0,0.0
783,CAMPANHA,ITAMONTE,74.2488611533364,0.0,0.0
784,CAMPANHA,TRES CORACOES,22.220394132826392,0.0,0.0
785,ALFENAS,POUSO ALEGRE,89.0717681322589,0.0,0.0
786,PEIXE,JAU DO TOCANTINS,69.75996050223071,0.0,0.0
787,PEIXE,ARAGUACU,171.79501988803108,0.0,0.0
788,TOLEDO,SANTA HELENA,61.8617654159077,0.0,0.0
789,TOLEDO,MEDIANEIRA,72.98611799333324,0.0,0.0
790,TOLEDO,CASCAVEL,38.47589946980171,0.0,0.0
791,SANTO ANTONIO DA PLATINA,JAGUARIAIVA,112.1038878579156,0.0,0.0
792,SANTO ANTONIO DA PLATINA,OURINHOS,41.29436434200196,0.0,0.0
793,SANTO ANTONIO DA PLATINA,SANTA CRUZ DO RIO PARDO,63.49478928476078,0.0,0.0
794,SANTO ANTONIO DA PLATINA,IPIRANGA,198.66243358374035,0.0,0.0
795,SANTA CRUZ DO RIO PARDO,SANTO ANTONIO DA PLATINA,63.49478928476078,0.0,0.0
796,SANTA CRUZ DO RIO PARDO,OURINHOS,25.623618920483025,0.0,0.0
797,SANTA CRUZ DO RIO PARDO,SAO PAULO,314.16090522944876,0.0,0.0
798,TAILANDIA,MARABA,271.5157426064719,0.0,0.0
799,TRES COROAS,GRAVATAI,51.8047291542324,0.0,0.0
800,TRES COROAS,CAXIAS DO SUL,55.362642482238265,0.0,0.0
801,TRES COROAS,SAO FRANCISCO DE PAULA,20.21467762192311,0.0,0.0
802,TRES COROAS,NOVO HAMBURGO,39.71816475523682,0.0,0.0
803,TRES COROAS,PORTO ALEGRE,71.14945736875417,0.0,0.0
804,TRES COROAS,CANOAS,59.59020470747367,0.0,0.0
805,TRES COROAS,OSORIO,64.28875310529543,0.0,0.0
806,GRAVATAI,TRAMANDAI,82.47373662108139,0.0,0.0
807,GRAVATAI,SAO FRANCISCO DE PAULA,68.01389311426033,0.0,0.0
808,GRAVATAI,SAO JERONIMO,71.19772540235675,0.0,0.0
809,GRAVATAI,NOVO HAMBURGO,31.536868615019994,0.0,0.0
810,GRAVATAI,PORTO ALEGRE,23.421818715711915,0.0,0.0
811,GRAVATAI,CANOAS,19.418361717978176,0.0,0.0
812,GRAVATAI,OSORIO,69.66458541349569,0.0,0.0
813,SAO FRANCISCO DE PAULA,GRAVATAI,68.01389311426033,0.0,0.0
814,SAO FRANCISCO DE PAULA,CAXIAS DO SUL,65.54864083029774,0.0,0.0
815,SAO FRANCISCO DE PAULA,TRAMANDAI,74.48964734237909,0.0,0.0
816,SAO FRANCISCO DE PAULA,NOVO HAMBURGO,59.87175081960509,0.0,0.0
817,SAO FRANCISCO DE PAULA,OSORIO,58.40425449058428,0.0,0.0
818,OSORIO,GRAVATAI,69.66458541349569,0.0,0.0
819,OSORIO,TRAMANDAI,16.790485756077832,0.0,0.0
820,OSORIO,SAO FRANCISCO DE PAULA,58.40425449058428,0.0,0.0
821,OSORIO,BALNEARIO PINHAL,39.46873502287984,0.0,0.0
822,OSORIO,PORTO ALEGRE,91.93593359110041,0.0,0.0
823,MACAU,ITAJA,64.71885829416863,0.0,0.0
824,MACAU,NATAL,176.010610512836,0.0,0.0
825,MADRE DE DEUS DE MINAS,CRUZILIA,63.37141794681915,0.0,0.0
826,MADRE DE DEUS DE MINAS,SAO JOAO DEL REI,39.915750459684745,0.0,0.0
827,MADRE DE DEUS DE MINAS,BARBACENA,64.733004639557,0.0,0.0
828,ESPERA FELIZ,FERVEDOURO,39.09218870750475,0.0,0.0
829,ESPERA FELIZ,PATROCINIO DO MURIAE,64.11526794487132,0.0,0.0
830,ESPERA FELIZ,MARTINS SOARES,44.19182472144958,0.0,0.0
831,ESPERA FELIZ,MIMOSO DO SUL,73.27750815568851,0.0,0.0
832,BOM JESUS DA LAPA,CARINHANHA,122.89087390509196,0.0,0.0
833,BOM JESUS DA LAPA,CAETITE,135.09907810905315,0.0,0.0
834,BOM JESUS DA LAPA,JABORANDI,116.6843138906108,0.0,0.0
835,CAETITE,URANDI,79.7428310623838,0.0,0.0
836,CAPIVARI DO SUL,GRAVATAI,50.41316011922358,0.0,0.0
837,CAPIVARI DO SUL,SAO JOSE DO NORTE,253.85967578551896,0.0,0.0
838,CAPIVARI DO SUL,TRAMANDAI,40.65210754122987,0.0,0.0
839,CAPIVARI DO SUL,PORTO ALEGRE,67.55930004927589,0.0,0.0
840,CAPIVARI DO SUL,CANOAS,69.24975428832987,0.0,0.0
841,CAPIVARI DO SUL,BALNEARIO PINHAL,29.406056809085026,0.0,0.0
842,CAPIVARI DO SUL,OSORIO,36.69461890567455,0.0,0.0
843,PRESIDENTE FIGUEIREDO,BORBA,267.0355181472488,0.0,0.0
844,NOVA VENECIA,SAO DOMINGOS DO NORTE,53.267739192509076,0.0,0.0
845,NOVA VENECIA,BARRA DE SAO FRANCISCO,51.913913891159474,0.0,0.0
846,SAO DOMINGOS DO NORTE,BARRA DE SAO FRANCISCO,51.780712394263574,0.0,0.0
847,SAO DOMINGOS DO NORTE,NOVA VENECIA,53.267739192509076,0.0,0.0
848,SAO DOMINGOS DO NORTE,AIMORES,61.29992779023991,0.0,0.0
849,SAO DOMINGOS DO NORTE,JOAO NEIVA,72.68340276985208,0.0,0.0
850,SAO DOMINGOS DO NORTE,COLATINA,44.93404623134464,0.0,0.0
851,AIMORES,SAO DOMINGOS DO NORTE,61.29992779023991,0.0,0.0
852,AIMORES,GALILEIA,73.94034393307653,0.0,0.0
853,AIMORES,CARATINGA,114.93166420328436,0.0,0.0
854,AIMORES,COLATINA,47.229468752731016,0.0,0.0
855,CONGONHAS,SAO JOAO DEL REI,82.05277590463807,0.0,0.0
856,CONGONHAS,CONTAGEM,66.15963966713134,0.0,0.0
857,CONGONHAS,MARIANA,47.42686028708035,0.0,0.0
858,APARECIDA DO RIO NEGRO,PALMAS,54.259757978530466,0.0,0.0
859,MANTENA,SAO DOMINGOS DO NORTE,55.78636539164324,0.0,0.0
860,MANTENA,GALILEIA,63.140227377457045,0.0,0.0
861,MANTENA,BARRA DE SAO FRANCISCO,9.859047757072464,0.0,0.0
862,MANTENA,NOVA VENECIA,61.66851092404711,0.0,0.0
863,JAIBA,JANAUBA,63.684515039801965,0.0,0.0
864,GUARDA-MOR,PATOS DE MINAS,109.37502834280714,0.0,0.0
865,BOCA DO ACRE,LABREA,329.83525393848487,0.0,0.0
866,ARCOVERDE,SERTANIA,44.98887025100954,0.0,0.0
867,ARCOVERDE,CORRENTES,112.50125144499931,0.0,0.0
868,ARCOVERDE,ITAIBA,71.00786307480568,0.0,0.0
869,ARCOVERDE,MONTEIRO,59.48320175653826,0.0,0.0
870,ARCOVERDE,IBIMIRIM,72.3413833004096,0.0,0.0
871,GENTIO DO OURO,XIQUE-XIQUE,71.9609201962484,0.0,0.0
872,XIQUE-XIQUE,GENTIO DO OURO,71.9609201962484,0.0,0.0
873,XIQUE-XIQUE,FEIRA DE SANTANA,439.7581281816342,0.0,0.0
874,PALMITAL,LARANJEIRAS DO SUL,61.74605354499634,0.0,0.0
875,PALMITAL,NOVA TEBAS,56.13293711090087,0.0,0.0
876,LARANJEIRAS DO SUL,CHOPINZINHO,50.488026765470025,0.0,0.0
877,LARANJEIRAS DO SUL,CANDOI,41.57555881523175,0.0,0.0
878,LARANJEIRAS DO SUL,CORONEL VIVIDA,65.10552225522217,0.0,0.0
879,CANDOI,LARANJEIRAS DO SUL,41.57555881523175,0.0,0.0
880,CANDOI,CHOPINZINHO,56.724978959702824,0.0,0.0
881,CANDOI,GUARAPUAVA,61.63589888709601,0.0,0.0
882,CANDOI,CORONEL VIVIDA,68.78760686576645,0.0,0.0
883,UNAI,PATROCINIO,286.9011184852551,0.0,0.0
884,UNAI,BONFINOPOLIS DE MINAS,100.63840437951134,0.0,0.0
885,ESPINOSA,FRANCISCO SA,187.91578327252677,0.0,0.0
886,ESPINOSA,URANDI,24.453048060840082,0.0,0.0
887,IMBITUVA,GENERAL CARNEIRO,151.22575651610592,0.0,0.0
888,IMBITUVA,IPIRANGA,22.846101597355325,0.0,0.0
889,IMBITUVA,PONTA GROSSA,46.075998082731125,0.0,0.0
890,SANTO ANTONIO DE JESUS,JAGUAQUARA,98.77955071610462,0.0,0.0
891,SANTO ANTONIO DE JESUS,NAZARE,27.701476185666714,0.0,0.0
892,SANTO ANTONIO DE JESUS,RAFAEL JAMBEIRO,67.19024138457021,0.0,0.0
893,OLIVEIRA,ALFENAS,141.4818674925736,0.0,0.0
894,OLIVEIRA,PERDOES,51.59465489561113,0.0,0.0
895,GUARATINGUETA,CUNHA,38.173699600232794,0.0,0.0
896,GUARATINGUETA,POUSO ALTO,71.57868288293334,0.0,0.0
897,GUARATINGUETA,DELFIM MOREIRA,34.90993906616937,0.0,0.0
898,GUARATINGUETA,ITAMONTE,66.9579361333265,0.0,0.0
899,GUARATINGUETA,PARATY,67.09359102222069,0.0,0.0
900,GUARATINGUETA,UBATUBA,70.48471434581899,0.0,0.0
901,UBATUBA,CUNHA,42.053291412373746,0.0,0.0
902,UBATUBA,PARATY,44.12239266354186,0.0,0.0
903,UBATUBA,MIRACATU,259.47859025994654,0.0,0.0
904,UBATUBA,CARAGUATATUBA,39.0296838444246,0.0,0.0
905,CAREIRO DA VARZEA,CANUTAMA,644.1528457778978,0.0,0.0
906,SOLONOPOLE,QUIXELO,62.31287526176564,0.0,0.0
907,SOLONOPOLE,PEREIRO,70.13700319159278,0.0,0.0
908,SOLONOPOLE,SENADOR POMPEU,42.5982366481709,0.0,0.0
909,CAMBUQUIRA,CAXAMBU,39.28816350526807,0.0,0.0
910,CAMBUQUIRA,CRUZILIA,49.86391393603723,0.0,0.0
911,CAMBUQUIRA,POUSO ALTO,50.02530147856623,0.0,0.0
912,CAMBUQUIRA,DELFIM MOREIRA,72.24016171541602,0.0,0.0
913,CAMBUQUIRA,ITAMONTE,64.75984006368891,0.0,0.0
914,CAMBUQUIRA,TRES CORACOES,18.436211445959135,0.0,0.0
915,CARAZINHO,PASSO FUNDO,37.86218894037288,0.0,0.0
916,CARAZINHO,PALMEIRA DAS MISSOES,67.32585235194033,0.0,0.0
917,CARAZINHO,IBIRUBA,47.526549522146865,0.0,0.0
918,CARAZINHO,CANOAS,238.15856258487204,0.0,0.0
919,ERECHIM,CONCORDIA,50.8478659884833,0.0,0.0
920,ERECHIM,CHAPECO,68.67473182788916,0.0,0.0
921,ERECHIM,PASSO FUNDO,70.41839210261418,0.0,0.0
922,ERECHIM,BARAO DE COTEGIPE,10.984399514462185,0.0,0.0
923,TAPURAH,LUCAS DO RIO VERDE,77.84872775353315,0.0,0.0
924,ARAPORA,NOVA PONTE,177.19774141374975,0.0,0.0
925,ARAPORA,ITUIUTABA,67.00874978665047,0.0,0.0
926,ARAPORA,CORUMBAIBA,73.37609435095318,0.0,0.0
927,ARAPORA,ITUMBIARA,4.402497734278084,0.0,0.0
928,ARAPORA,FRONTEIRA,204.503639708078,0.0,0.0
929,SAO FIDELIS,CAMPOS DOS GOYTACAZES,46.780065730752106,0.0,0.0
930,SAO FIDELIS,SANTO ANTONIO DE PADUA,45.95339845919987,0.0,0.0
931,SAO FIDELIS,PATROCINIO DO MURIAE,73.028479913542,0.0,0.0
932,SAO FIDELIS,SAO JOAO DA BARRA,73.54993964866749,0.0,0.0
933,CAMPOS DOS GOYTACAZES,SAO JOAO DA BARRA,31.450936358504592,0.0,0.0
934,CAMPOS DOS GOYTACAZES,RIO DE JANEIRO,232.0450252679611,0.0,0.0
935,PORTO XAVIER,SANTO ANGELO,95.91189491447575,0.0,0.0
936,PORTO XAVIER,SANTO CRISTO,47.65909963390362,0.0,0.0
937,FLORIANO,DIRCEU ARCOVERDE,292.7787991934937,0.0,0.0
938,FLORIANO,BARAO DE GRAJAU,3.0314451617297187,0.0,0.0
939,FLORIANO,FRONTEIRAS,268.1911568016179,0.0,0.0
940,ITAJUBA,CAXAMBU,73.66466955451124,0.0,0.0
941,ITAJUBA,POUSO ALTO,55.86912281655762,0.0,0.0
942,ITAJUBA,DELFIM MOREIRA,20.63313719412371,0.0,0.0
943,ITAJUBA,POUSO ALEGRE,53.88008286290925,0.0,0.0
944,ITAJUBA,ITAMONTE,62.72667252907614,0.0,0.0
945,BOM JESUS DO ITABAPOANA,SANTO ANTONIO DE PADUA,68.06068359427906,0.0,0.0
946,BOM JESUS DO ITABAPOANA,CACHOEIRO DE ITAPEMIRIM,67.17037458560671,0.0,0.0
947,BOM JESUS DO ITABAPOANA,PATROCINIO DO MURIAE,55.004865847475735,0.0,0.0
948,BOM JESUS DO ITABAPOANA,MIMOSO DO SUL,34.49826443842169,0.0,0.0
949,ARACRUZ,SERRA,33.62610686839989,0.0,0.0
950,ARACRUZ,JOAO NEIVA,13.397314658559905,0.0,0.0
951,ARACRUZ,COLATINA,47.46205832062972,0.0,0.0
952,ARACRUZ,VITORIA,55.228092217739224,0.0,0.0
953,GUARAPARI,SERRA,65.32824363349894,0.0,0.0
954,GUARAPARI,CACHOEIRO DE ITAPEMIRIM,66.19943928396597,0.0,0.0
955,GUARAPARI,MARATAIZES,52.86777823096853,0.0,0.0
956,GUARAPARI,VITORIA,45.12719515610116,0.0,0.0
957,SOROCABA,JUQUIA,92.62579940162611,0.0,0.0
958,SOROCABA,BARUERI,57.73427720281076,0.0,0.0
959,SOROCABA,ITAPETININGA,62.32943365736952,0.0,0.0
960,SOROCABA,TIETE,51.16157250257678,0.0,0.0
961,SOROCABA,SALTO,36.51907979089662,0.0,0.0
962,SOROCABA,JUNDIAI,65.78771858463548,0.0,0.0
963,NOVA PETROPOLIS,GRAVATAI,64.2470081594513,0.0,0.0
964,NOVA PETROPOLIS,CAXIAS DO SUL,24.331161887645866,0.0,0.0
965,NOVA PETROPOLIS,SAO FRANCISCO DE PAULA,51.94312440047896,0.0,0.0
966,NOVA PETROPOLIS,NOVO HAMBURGO,34.897964048510325,0.0,0.0
967,NOVA PETROPOLIS,ENCANTADO,74.98372800121118,0.0,0.0
968,NOVA PETROPOLIS,PORTO ALEGRE,73.68126809366962,0.0,0.0
969,NOVA PETROPOLIS,CANOAS,60.3046034810997,0.0,0.0
970,LUZIANIA,GOIANIA,148.20089832886762,0.0,0.0
971,LUZIANIA,BRASILIA,52.695481796079136,0.0,0.0
972,LUZIANIA,CRISTALINA,67.5592381388205,0.0,0.0
973,ALMAS,PEIXE,156.46074908446167,0.0,0.0
974,ALMAS,PONTE ALTA DO BOM JESUS,94.99912475454092,0.0,0.0
975,IPORA,RIO VERDE,749.2822345917348,0.0,0.0
976,DOM ELISEU,MARABA,195.61727902033317,0.0,0.0
977,DOM ELISEU,ITINGA DO MARANHAO,43.6845339049881,0.0,0.0
978,ITINGA DO MARANHAO,DOM ELISEU,43.6845339049881,0.0,0.0
979,ITINGA DO MARANHAO,CAROLINA,320.63386721997654,0.0,0.0
980,TANGARA DA SERRA,BARRA DO BUGRES,59.598763716587214,0.0,0.0
981,TANGARA DA SERRA,ARENAPOLIS,72.5985132244663,0.0,0.0
982,BAEPENDI,CAXAMBU,5.019885676321129,0.0,0.0
983,BAEPENDI,CRUZILIA,15.445927170221715,0.0,0.0
984,BAEPENDI,POUSO ALTO,28.102203938352734,0.0,0.0
985,BAEPENDI,DELFIM MOREIRA,72.94125674702799,0.0,0.0
986,BAEPENDI,ITAMONTE,36.626568883314384,0.0,0.0
987,BAEPENDI,TRES CORACOES,47.71898736123463,0.0,0.0
988,BAEPENDI,RESENDE,72.65885828923794,0.0,0.0
989,SAPEZAL,CAMPO NOVO DO PARECIS,120.33712496634166,0.0,0.0
990,SANTO INACIO,MARINGA,81.79334759642384,0.0,0.0
991,SANTO INACIO,PIRAPOZINHO,56.34464099861213,0.0,0.0
992,JANDAIA DO SUL,MARINGA,35.617632777308145,0.0,0.0
993,JANDAIA DO SUL,GUARAPUAVA,199.79397343990627,0.0,0.0
994,JANDAIA DO SUL,CRUZMALTINA,49.67424652580771,0.0,0.0
995,JANDAIA DO SUL,LONDRINA,58.70361718248507,0.0,0.0
996,CRATEUS,PEREIRO,260.9902134132153,0.0,0.0
997,SAO PEDRO DA ALDEIA,SAO GONCALO,98.47914979367995,0.0,0.0
998,FELIXLANDIA,GOVERNADOR VALADARES,310.19423295424156,0.0,0.0
999,FELIXLANDIA,CORINTO,63.353571199978475,0.0,0.0
1000,FELIXLANDIA,CURVELO,49.49861440811255,0.0,0.0
1001,GOVERNADOR VALADARES,GALILEIA,46.74943999370483,0.0,0.0
1002,GOVERNADOR VALADARES,AIMORES,117.14114150569621,0.0,0.0
1003,GOVERNADOR VALADARES,CONTAGEM,250.59107236543346,0.0,0.0
1004,SAO JOAO DAS MISSOES,CARINHANHA,73.82692562322322,0.0,0.0
1005,SAO JOAO DAS MISSOES,MONTES CLAROS,206.38360577452045,0.0,0.0
1006,TURMALINA,DATAS,162.72874774690004,0.0,0.0
1007,CAPELINHA,VISCONDE DO RIO BRANCO,371.13515884356195,0.0,0.0
1008,CAPELINHA,TURMALINA,50.519636054233004,0.0,0.0
1009,SAO SEBASTIAO DO PARAISO,TRES CORACOES,199.12283452899834,0.0,0.0
1010,SAO SEBASTIAO DO PARAISO,SANTO ANTONIO DA ALEGRIA,25.324441459514464,0.0,0.0
1011,SAO SEBASTIAO DO PARAISO,BARBACENA,335.13739252443025,0.0,0.0
1012,MARMELEIRO,GUARACIABA,70.9894514829816,0.0,0.0
1013,MARMELEIRO,GENERAL CARNEIRO,173.20670445122272,0.0,0.0
1014,MARMELEIRO,BARRACAO,61.507371330166954,0.0,0.0
1015,MARMELEIRO,CHOPINZINHO,60.60505228847364,0.0,0.0
1016,MARMELEIRO,CORONEL VIVIDA,49.94647133231636,0.0,0.0
1017,ALTO PARAISO,UMUARAMA,267.51282779508824,0.0,0.0
1018,ALTO PARAISO,CHOPINZINHO,37.18294030765849,0.0,0.0
1019,ALTO PARAISO,CORONEL VIVIDA,23.84599325541677,0.0,0.0
1020,CASEARA,SANTANA DO ARAGUAIA,44.04353353868773,0.0,0.0
1021,CASEARA,PALMAS,205.15300544787823,0.0,0.0
1022,SAO BORJA,BARRA DO QUARAI,227.89193913195285,0.0,0.0
1023,SAO BORJA,SAO JOSE DOS AUSENTES,578.9645751810724,0.0,0.0
1024,SAO BORJA,SANTA MARIA,241.34100969119552,0.0,0.0
1025,SAO FRANCISCO DO SUL,PORTO UNIAO,243.48258744576916,0.0,0.0
1026,SAO FRANCISCO DO SUL,GUARATUBA,42.247372217840145,0.0,0.0
1027,NOVA ANDRADINA,BATAYPORA,9.801503677118138,0.0,0.0
1028,JOAO MONLEVADE,PONTE NOVA,72.50938642394154,0.0,0.0
1029,JOAO MONLEVADE,DOM SILVERIO,44.72946778804178,0.0,0.0
1030,JOAO MONLEVADE,MARIANA,67.54534665311765,0.0,0.0
1031,JOAO MONLEVADE,MARTINS SOARES,143.92487689731195,0.0,0.0
1032,MARITUBA,BARCARENA,35.15603318318255,0.0,0.0
1033,MARITUBA,BELEM,19.546114607082448,0.0,0.0
1034,IPU,CRATEUS,94.71540388557308,0.0,0.0
1035,IPU,SAO JOAO DA FRONTEIRA,73.20596289552283,0.0,0.0
1036,IPU,UBAJARA,56.714361722689056,0.0,0.0
1037,CHAPADINHA,BREJO,67.04096031513612,0.0,0.0
1038,CHAPADINHA,ITINGA DO MARANHAO,469.2305678279206,0.0,0.0
1039,OIAPOQUE,MACAPA,431.60988106037854,0.0,0.0
1040,MARCO,UMIRIM,108.7710818606606,0.0,0.0
1041,MARCO,SOBRAL,65.80993324229316,0.0,0.0
1042,CRUZ,CHAVAL,119.25920570927317,0.0,0.0
1043,PATOS,TEIXEIRA,22.772520533796005,0.0,0.0
1044,PATOS,ITAPORANGA,2267.309660968578,0.0,0.0
1045,PATOS,SERRA NEGRA DO NORTE,42.03601401869937,0.0,0.0
1046,JACINTO,ARACUAI,204.40986507231995,0.0,0.0
1047,SALINAS,ARACUAI,79.2611999078549,0.0,0.0
1048,SIMAO DIAS,TOBIAS BARRETO,53.244965027136416,0.0,0.0
1049,SIMAO DIAS,ITAPORANGA D'AJUDA,61.52060570469781,0.0,0.0
1050,SAO MATEUS,BARRA DE SAO FRANCISCO,109.42876055413002,0.0,0.0
1051,SAO MATEUS,NOVA VENECIA,57.65306042265325,0.0,0.0
1052,ABARE,FLORESTA,61.59045453446377,0.0,0.0
1053,ABARE,FEIRA DE SANTANA,394.6009001580977,0.0,0.0
1054,ABARE,BELEM DO SAO FRANCISCO,17.234409912407894,0.0,0.0
1055,BELEM DO SAO FRANCISCO,FLORESTA,46.265490612239915,0.0,0.0
1056,BELEM DO SAO FRANCISCO,PETROLINA,183.42584210665595,0.0,0.0
1057,NAVEGANTES,CAMPOS NOVOS,260.72140732742275,0.0,0.0
1058,ADRIANOPOLIS,UNIAO DA VITORIA,273.1265327082923,0.0,0.0
1059,ADRIANOPOLIS,RIBEIRA,1.5809519685024775,0.0,0.0
1060,ADRIANOPOLIS,BARRA DO TURVO,50.78031033016865,0.0,0.0
1061,ADRIANOPOLIS,ITARARE,70.53726068257116,0.0,0.0
1062,ECOPORANGA,BARRA DE SAO FRANCISCO,43.23845354356428,0.0,0.0
1063,ECOPORANGA,NOVA VENECIA,59.42730483801256,0.0,0.0
1064,GRANJA,CHAVAL,46.262679736192275,0.0,0.0
1065,GRANJA,SOBRAL,82.70954731101514,0.0,0.0
1066,JACOBINA,PIRITIBA,61.23835712903782,0.0,0.0
1067,JACOBINA,CAPIM GROSSO,59.10471651365911,0.0,0.0
1068,JACOBINA,MORRO DO CHAPEU,81.31307307978402,0.0,0.0
1069,SALITRE,JUAZEIRO DO NORTE,126.39356377448713,0.0,0.0
1070,SALITRE,FRONTEIRAS,28.905252464569248,0.0,0.0
1071,SALITRE,MARCOLANDIA,29.06653657619146,0.0,0.0
1072,CACHOEIRA DOURADA,ITUIUTABA,51.44468331486342,0.0,0.0
1073,CACHOEIRA DOURADA,ITUMBIARA,32.62458157152168,0.0,0.0
1074,CACHOEIRA DOURADA,SANTA VITORIA,74.37190632782944,0.0,0.0
1075,TEOFILO OTONI,SERRA DOS AIMORES,133.9822664861651,0.0,0.0
1076,VIANOPOLIS,CORUMBAIBA,155.86283910066942,0.0,0.0
1077,VIANOPOLIS,ANAPOLIS,65.37422761046423,0.0,0.0
1078,MORRINHOS,CORUMBAIBA,1895.4197563915886,0.0,0.0
1079,MORRINHOS,IPAMERI,1833.645582551734,0.0,0.0
1080,MORRINHOS,PIRACANJUBA,1840.7970002295722,0.0,0.0
1081,MORRINHOS,SOBRAL,56.40357034535948,0.0,0.0
1082,ITAPIPOCA,UMIRIM,32.87302468830446,0.0,0.0
1083,ITAPIPOCA,SAO GONCALO DO AMARANTE,68.82288904141797,0.0,0.0
1084,NOVA SERRANA,PARA DE MINAS,39.09045543504353,0.0,0.0
1085,NOVA SERRANA,SAO JOAO DEL REI,159.49001203905573,0.0,0.0
1086,LEOPOLDINA,SANTO ANTONIO DE PADUA,47.48212007032964,0.0,0.0
1087,LEOPOLDINA,VISCONDE DO RIO BRANCO,60.890567094080396,0.0,0.0
1088,LEOPOLDINA,CAXAMBU,241.61829699305719,0.0,0.0
1089,LEOPOLDINA,PATROCINIO DO MURIAE,60.99385508898173,0.0,0.0
1090,LEOPOLDINA,ALEM PARAIBA,39.70307045845542,0.0,0.0
1091,IRAI,SAO MIGUEL DO OESTE,58.446797291983046,0.0,0.0
1092,IRAI,TRES PASSOS,72.72367879717125,0.0,0.0
1093,IRAI,GUARACIABA,70.9507122014104,0.0,0.0
1094,IRAI,CHAPECO,64.10636302413525,0.0,0.0
1095,IRAI,SANT'ANA DO LIVRAMENTO,465.78208252963003,0.0,0.0
1096,IRAI,PALMITOS,16.809819019854594,0.0,0.0
1097,IRAI,CARAZINHO,130.52939105758924,0.0,0.0
1098,MARAVILHA,SAO MIGUEL DO OESTE,34.343368807054716,0.0,0.0
1099,MARAVILHA,GUARACIABA,39.23000639914496,0.0,0.0
1100,MARAVILHA,CHAPECO,66.6625593051419,0.0,0.0
1101,MARAVILHA,BARRACAO,73.34268720919874,0.0,0.0
1102,MARAVILHA,PALMITOS,33.80306883379791,0.0,0.0
1103,ITAPIRAPUA,ARAGARCAS,174.31361888351117,0.0,0.0
1104,ITAPIRAPUA,GOIANIA,172.88207958689551,0.0,0.0
1105,PIRIPIRI,PEDRO II,39.7494212155975,0.0,0.0
1106,PIRIPIRI,SAO JOAO DA FRONTEIRA,67.06704041511709,0.0,0.0
1107,PARAISO,SAO MIGUEL DO OESTE,19.296725715126108,0.0,0.0
1108,PARAISO,GUARACIABA,14.74882717237168,0.0,0.0
1109,PARAISO,BARRACAO,41.30470638270749,0.0,0.0
1110,PARAISO,PALMITOS,71.38854962648229,0.0,0.0
1111,PARAISO,FLORIANOPOLIS,518.5690432561587,0.0,0.0
1112,JI-PARANA,COSTA MARQUES,304.22767270934645,0.0,0.0
1113,IPIRANGA DO NORTE,SORRISO,57.67709000875181,0.0,0.0
1114,SORRISO,LUCAS DO RIO VERDE,60.745954615340366,0.0,0.0
1115,SORRISO,SANTA RITA DO TRIVELATO,149.62352721945788,0.0,0.0
1116,BERILO,ARACUAI,43.79294862543582,0.0,0.0
1117,BERILO,TURMALINA,46.10129061564461,0.0,0.0
1118,IPE,CAXIAS DO SUL,39.82707585652788,0.0,0.0
1119,IPE,NOVA PRATA,31.97637385071288,0.0,0.0
1120,IPE,ENCANTADO,73.40893770253365,0.0,0.0
1121,MACUCO,NOVA FRIBURGO,45.39687245603876,0.0,0.0
1122,MACUCO,SANTO ANTONIO DE PADUA,49.49144336985149,0.0,0.0
1123,MACUCO,ITABORAI,106.64059770759006,0.0,0.0
1124,MACUCO,ALEM PARAIBA,49.206320144022264,0.0,0.0
1125,BOA VISTA DO GURUPI,TIMON,533.3677898991592,0.0,0.0
1126,BOA VISTA DO GURUPI,CACHOEIRA DO PIRIA,27.368410241583245,0.0,0.0
1127,TIMON,ESTREITO,535.2856339865257,0.0,0.0
1128,TIMON,TERESINA,3.3292614325180603,0.0,0.0
1129,ESTREITO,BARAO DE GRAJAU,488.2672691151765,0.0,0.0
1130,ESTREITO,WANDERLANDIA,65.67933344058196,0.0,0.0
1131,ESTREITO,AGUIARNOPOLIS,3.084441133160606,0.0,0.0
1132,NATIVIDADE,ARRAIAS,160.81498470754443,0.0,0.0
1133,UIRAUNA,PEREIRO,53.574734516279655,0.0,0.0
1134,UIRAUNA,MARIZOPOLIS,35.36805588503822,0.0,0.0
1135,UIRAUNA,LUIS GOMES,12.398945502119034,0.0,0.0
1136,UIRAUNA,PAU DOS FERROS,50.920342255180074,0.0,0.0
1137,ITU,BARUERI,50.633123614608806,0.0,0.0
1138,ITU,SAO PAULO,73.5038044783799,0.0,0.0
1139,ITU,PIRACICABA,68.34255978993347,0.0,0.0
1140,ITU,CAMPINAS,45.22286577273229,0.0,0.0
1141,ITU,TIETE,46.185960863792936,0.0,0.0
1142,ITU,SALTO,6.093619059654202,0.0,0.0
1143,ITU,JUNDIAI,41.121254387484086,0.0,0.0
1144,ITU,SOROCABA,31.12978153067075,0.0,0.0
1145,CAMPINAS,BARUERI,69.44012988001003,0.0,0.0
1146,CAMPINAS,PIRACICABA,62.59501380115078,0.0,0.0
1147,CAMPINAS,MOGI GUACU,61.12055899817925,0.0,0.0
1148,CAMPINAS,JACAREI,120.70378426784636,0.0,0.0
1149,CAMPINAS,TIETE,70.36526256148485,0.0,0.0
1150,CAMPINAS,CORDEIROPOLIS,61.86855377272129,0.0,0.0
1151,CAMPINAS,SALTO,40.14079992722086,0.0,0.0
1152,CAMPINAS,JUNDIAI,35.57983519828006,0.0,0.0
1153,CAMPINAS,SOROCABA,76.35005494239458,0.0,0.0
1154,MOGI GUACU,JACUTINGA,34.75487952242486,0.0,0.0
1155,MOGI GUACU,CAMPINAS,61.12055899817925,0.0,0.0
1156,MOGI GUACU,CORDEIROPOLIS,53.74744816286103,0.0,0.0
1157,CORDEIROPOLIS,PIRACICABA,34.84069408038376,0.0,0.0
1158,CORDEIROPOLIS,MOGI GUACU,53.74744816286103,0.0,0.0
1159,CORDEIROPOLIS,SAO CARLOS,67.94702825777027,0.0,0.0
1160,CORDEIROPOLIS,CAMPINAS,61.86855377272129,0.0,0.0
1161,CORDEIROPOLIS,SAO PEDRO,47.66445768941223,0.0,0.0
1162,CORDEIROPOLIS,SAO PAULO,143.79863899127184,0.0,0.0
1163,DORES DO RIO PRETO,FERVEDOURO,45.75488818869749,0.0,0.0
1164,DORES DO RIO PRETO,CACHOEIRO DE ITAPEMIRIM,76.83976656324533,0.0,0.0
1165,DORES DO RIO PRETO,PATROCINIO DO MURIAE,64.21749341780769,0.0,0.0
1166,DORES DO RIO PRETO,MARTINS SOARES,48.920239581200754,0.0,0.0
1167,DORES DO RIO PRETO,MIMOSO DO SUL,64.54840608951626,0.0,0.0
1168,CARUARU,QUIPAPA,58.819476028951534,0.0,0.0
1169,CARUARU,VERTENTES,42.58478209578653,0.0,0.0
1170,CARUARU,ITAIBA,175.28769551914158,0.0,0.0
1171,CARUARU,ALCANTIL,61.57296731499526,0.0,0.0
1172,CARUARU,XEXEU,69.38408353275817,0.0,0.0
1173,ERVALIA,VICOSA,24.70035850588584,0.0,0.0
1174,ERVALIA,FERVEDOURO,41.04376994467772,0.0,0.0
1175,ERVALIA,PONTE NOVA,54.030256833723826,0.0,0.0
1176,ERVALIA,VISCONDE DO RIO BRANCO,26.900185931945515,0.0,0.0
1177,ERVALIA,PATROCINIO DO MURIAE,57.656576159495515,0.0,0.0
1178,TAUBATE,CUNHA,61.96166197486398,0.0,0.0
1179,TAUBATE,DELFIM MOREIRA,63.25046534215203,0.0,0.0
1180,TAUBATE,UBATUBA,67.63989283217889,0.0,0.0
1181,TAUBATE,CARAGUATATUBA,68.60822387637374,0.0,0.0
1182,TAUBATE,JACAREI,52.45989982658129,0.0,0.0
1183,TAUBATE,GUARULHOS,111.06475268544166,0.0,0.0
1184,SANTA RITA DO ARAGUAIA,MINEIROS,73.62853430747226,0.0,0.0
1185,SANTA RITA DO ARAGUAIA,JATAI,168.50169641051264,0.0,0.0
1186,SANTA RITA DO ARAGUAIA,ALTO TAQUARI,55.90098072369677,0.0,0.0
1187,SANTA RITA DO ARAGUAIA,ALTO ARAGUAIA,2.20954484506236,0.0,0.0
1188,ALTO ARAGUAIA,ALTO TAQUARI,56.9455307420529,0.0,0.0
1189,TAQUARITINGA DO NORTE,VERTENTES,8.210658617645553,0.0,0.0
1190,TAQUARITINGA DO NORTE,QUIPAPA,102.04651234516038,0.0,0.0
1191,TAQUARITINGA DO NORTE,ALCANTIL,17.571098283805238,0.0,0.0
1192,GUAIRA,BARRACAO,248.8358689405655,0.0,0.0
1193,GUAIRA,IPORA,56.62751775048575,0.0,0.0
1194,GUAIRA,MUNDO NOVO,16.797038734744337,0.0,0.0
1195,AGUIARNOPOLIS,ESTREITO,3.084441133160606,0.0,0.0
1196,AGUIARNOPOLIS,WANDERLANDIA,63.48081420976144,0.0,0.0
1197,MAUA DA SERRA,CRUZMALTINA,26.484430477018513,0.0,0.0
1198,MAUA DA SERRA,LONDRINA,66.40772018074905,0.0,0.0
1199,MAUA DA SERRA,JANDAIA DO SUL,53.8323583389604,0.0,0.0
1200,SAO MIGUEL DO ARAGUAIA,ARAGUACU,53.13296730714329,0.0,0.0
1201,SAO MIGUEL DO ARAGUAIA,SAO LUIS DE MONTES BELOS,361.8598453071647,0.0,0.0
1202,SAO MIGUEL DO ARAGUAIA,PORANGATU,111.14799614725185,0.0,0.0
1203,SAO MIGUEL DO ARAGUAIA,PADRE BERNARDO,291.7352629430197,0.0,0.0
1204,CURRAIS NOVOS,SERRA NEGRA DO NORTE,107.67668028729761,0.0,0.0
1205,DOURADOS,NOVA ANDRADINA,151.1401603229585,0.0,0.0
1206,DOURADOS,PONTA PORA,99.41740305901739,0.0,0.0
1207,CHAPADAO DO SUL,CHAPADAO DO CEU,43.108654759840746,0.0,0.0
1208,CHAPADAO DO SUL,BANDEIRANTES,221.53113735779525,0.0,0.0
1209,PIO IX,VARZEA BRANCA,373.16583804998083,0.0,0.0
1210,PIO IX,PARAMBU,69.79435108099582,0.0,0.0
1211,PIO IX,FRONTEIRAS,27.99751175201267,0.0,0.0
1212,PIO IX,MARCOLANDIA,68.25522907403014,0.0,0.0
1213,POCOS DE CALDAS,JACUTINGA,56.47635683968421,0.0,0.0
1214,POCOS DE CALDAS,DELFIM MOREIRA,155.32575839369008,0.0,0.0
1215,GARIBALDI,CAXIAS DO SUL,36.165950999502726,0.0,0.0
1216,GARIBALDI,NOVA PRATA,53.784922172400194,0.0,0.0
1217,GARIBALDI,VENANCIO AIRES,74.97405625321322,0.0,0.0
1218,GARIBALDI,NOVO HAMBURGO,61.54391949859383,0.0,0.0
1219,GARIBALDI,ENCANTADO,32.61980279430249,0.0,0.0
1220,COIVARAS,TIMON,69.21381315807437,0.0,0.0
1221,COIVARAS,TERESINA,65.94417420919187,0.0,0.0
1222,PIRAPORA,CORINTO,125.2633945043458,0.0,0.0
1223,CARLINDA,NOVA SANTA HELENA,124.48874138574084,0.0,0.0
1224,JACAREZINHO,SANTO ANTONIO DA PLATINA,18.768969478841107,0.0,0.0
1225,JACAREZINHO,OURINHOS,22.6179533331342,0.0,0.0
1226,JACAREZINHO,ASSIS,71.7757157463056,0.0,0.0
1227,JACAREZINHO,SANTA CRUZ DO RIO PARDO,45.14062197643168,0.0,0.0
1228,JACAREZINHO,JANDAIA DO SUL,177.4796240341274,0.0,0.0
1229,MARECHAL CANDIDO RONDON,SANTA HELENA,43.791169051678764,0.0,0.0
1230,MARECHAL CANDIDO RONDON,MEDIANEIRA,82.4474565634858,0.0,0.0
1231,MARECHAL CANDIDO RONDON,IPORA,70.63235567360613,0.0,0.0
1232,MARECHAL CANDIDO RONDON,MUNDO NOVO,72.74040466397874,0.0,0.0
1233,MARECHAL CANDIDO RONDON,CASCAVEL,75.02378321907335,0.0,0.0
1234,PRIMAVERA DO LESTE,RONDONOPOLIS,109.4943158131433,0.0,0.0
1235,ITAPERUNA,FERVEDOURO,67.02059570678819,0.0,0.0
1236,ITAPERUNA,SANTO ANTONIO DE PADUA,49.26089916022196,0.0,0.0
1237,ITAPERUNA,PATROCINIO DO MURIAE,34.85181024198,0.0,0.0
1238,ITAPERUNA,SAO JOAO DA BARRA,99.25537269894541,0.0,0.0
1239,ITAPERUNA,MIMOSO DO SUL,55.88066557744575,0.0,0.0
1240,NONOAI,CHAPECO,33.80619841058896,0.0,0.0
1241,NONOAI,PALMITOS,50.372705713387646,0.0,0.0
1242,NONOAI,BARAO DE COTEGIPE,48.04869872618068,0.0,0.0
1243,NONOAI,ERECHIM,58.089330563239706,0.0,0.0
1244,COMODORO,CACERES,350.97535799479334,0.0,0.0
1245,COMODORO,DIAMANTINO,370.4978060015715,0.0,0.0
1246,FLORESTA AZUL,UBAITABA,71.97991514375275,0.0,0.0
1247,FLORESTA AZUL,VITORIA DA CONQUISTA,127.4974865716978,0.0,0.0
1248,FLORESTA AZUL,ITAPE,25.297154453203152,0.0,0.0
1249,TIRADENTES DO SUL,TRES PASSOS,16.111548160493378,0.0,0.0
1250,TIRADENTES DO SUL,PALMEIRA DAS MISSOES,93.77909601851269,0.0,0.0
1251,TIRADENTES DO SUL,SANTO CRISTO,74.13710075732273,0.0,0.0
1252,COSTA RICA,CHAPADAO DO CEU,62.97730450067619,0.0,0.0
1253,COSTA RICA,CASSILANDIA,160.349928874869,0.0,0.0
1254,COSTA RICA,COXIM,171.1101733849272,0.0,0.0
1255,BOCAIUVA,MONTES CLAROS,43.139119933179096,0.0,0.0
1256,BOCAIUVA,SENADOR MODESTINO GONCALVES,111.96191407200112,0.0,0.0
1257,RIOZINHO,GRAVATAI,61.85717618634673,0.0,0.0
1258,RIOZINHO,TRAMANDAI,49.04630976530944,0.0,0.0
1259,RIOZINHO,SAO FRANCISCO DE PAULA,25.60702908169179,0.0,0.0
1260,RIOZINHO,NOVO HAMBURGO,66.3095187059234,0.0,0.0
1261,RIOZINHO,BALNEARIO PINHAL,70.17011226778708,0.0,0.0
1262,RIOZINHO,OSORIO,32.80519152021035,0.0,0.0
1263,VACARIA,NOVA PRATA,71.99501632327349,0.0,0.0
1264,VACARIA,CAMAQUA,273.31473578830366,0.0,0.0
1265,CAMAQUA,JAGUARAO,241.55595418064811,0.0,0.0
1266,BAIXO GUANDU,SAO DOMINGOS DO NORTE,57.98425991892993,0.0,0.0
1267,BAIXO GUANDU,AIMORES,7.05840243025441,0.0,0.0
1268,BAIXO GUANDU,JOAO NEIVA,70.52524694070411,0.0,0.0
1269,BAIXO GUANDU,COLATINA,40.3611764792391,0.0,0.0
1270,CABROBO,INAJA,167.9393488551144,0.0,0.0
1271,CABROBO,PARNAMIRIM,55.1864793275652,0.0,0.0
1272,CABROBO,BELEM DO SAO FRANCISCO,46.88445380244659,0.0,0.0
1273,ARUANA,ARAGUAPAZ,51.42572255759877,0.0,0.0
1274,CAMPO VERDE,PONTAL DO ARAGUAIA,306.41645321761007,0.0,0.0
1275,IBOTIRAMA,BOM JESUS DA LAPA,121.12256482488165,0.0,0.0
1276,ITAGIMIRIM,SANTA CRUZ CABRALIA,66.21381293498972,0.0,0.0
1277,FORMOSA DO RIO PRETO,COCOS,357.30876327311375,0.0,0.0
1278,FORMOSA DO RIO PRETO,CRISTALANDIA DO PIAUI,43.201118825545095,0.0,0.0
1279,TIO HUGO,PASSO FUNDO,39.34832162100159,0.0,0.0
1280,TIO HUGO,CARAZINHO,36.219513838649924,0.0,0.0
1281,TIO HUGO,IBIRUBA,49.310208448677635,0.0,0.0
1282,PACARAIMA,RORAINOPOLIS,401.41703293469493,0.0,0.0
1283,JUATUBA,PARA DE MINAS,29.6401052397323,0.0,0.0
1284,JUATUBA,CONTAGEM,30.471827658052124,0.0,0.0
1285,JUATUBA,SAO SEBASTIAO DO PARAISO,295.4123271710559,0.0,0.0
1286,MARCELINO RAMOS,CONCORDIA,28.460300769873044,0.0,0.0
1287,MARCELINO RAMOS,CAMPOS NOVOS,67.71283588966261,0.0,0.0
1288,MARCELINO RAMOS,BARAO DE COTEGIPE,49.39777016985297,0.0,0.0
1289,MARCELINO RAMOS,ERECHIM,40.16550968412683,0.0,0.0
1290,GUAPORE,NOVA PRATA,27.914469670798052,0.0,0.0
1291,GUAPORE,ENCANTADO,43.983859581540365,0.0,0.0
1292,TIMBAUBA,JURIPIRANGA,18.180741311015684,0.0,0.0
1293,TIMBAUBA,JABOATAO DOS GUARARAPES,75.11673804069457,0.0,0.0
1294,TIMBAUBA,CAAPORA,44.81243919741244,0.0,0.0
1295,FERREIRA GOMES,MACAPA,92.25390397750175,0.0,0.0
1296,SANTA CRUZ DO SUL,VERA CRUZ,7.8225990212047,0.0,0.0
1297,SANTA CRUZ DO SUL,NOVO CABRAIS,49.70735313532991,0.0,0.0
1298,SANTA CRUZ DO SUL,SAO JERONIMO,73.81568854336369,0.0,0.0
1299,SANTA CRUZ DO SUL,VENANCIO AIRES,26.19265962201495,0.0,0.0
1300,SANTA CRUZ DO SUL,PARAISO DO SUL,68.77792409307695,0.0,0.0
1301,SANTA CRUZ DO SUL,PANTANO GRANDE,52.39643450795686,0.0,0.0
1302,NOVA MUTUM,SANTA RITA DO TRIVELATO,86.81501168819858,0.0,0.0
1303,NOVA MUTUM,DIAMANTINO,74.10483810588791,0.0,0.0
1304,DIVISA ALEGRE,ALEM PARAIBA,699.7244353365627,0.0,0.0
1305,DIVISA ALEGRE,ENCRUZILHADA,51.12969365406443,0.0,0.0
1306,LUIS CORREIA,CHAVAL,49.64492763527673,0.0,0.0
1307,LUIS CORREIA,BURITI DOS LOPES,40.245823341748626,0.0,0.0
1308,LUIS CORREIA,BERTOLINIA,585.5496603388237,0.0,0.0
1309,PORTO MURTINHO,BATAGUASSU,564.2007212708819,0.0,0.0
1310,PAULO AFONSO,INAJA,69.60640563032891,0.0,0.0
1311,PAULO AFONSO,SAO SEBASTIAO DO PASSE,347.5027841069904,0.0,0.0
1312,PAULO AFONSO,DELMIRO GOUVEIA,24.495539403589497,0.0,0.0
1313,PROPRIA,CRISTINAPOLIS,171.41154720696431,0.0,0.0
1314,PROPRIA,PORTO REAL DO COLEGIO,3.293705921034525,0.0,0.0
1315,SAO JOAO DO ARRAIAL,BREJO,37.4618889893023,0.0,0.0
1316,SAO JOAO DO ARRAIAL,SAO JOAO DA FRONTEIRA,132.77535942486784,0.0,0.0
1317,PARAPUA,BILAC,53.266210457942265,0.0,0.0
1318,PARAPUA,CLEMENTINA,42.93989386284069,0.0,0.0
1319,PARAPUA,PRESIDENTE PRUDENTE,72.39185010297983,0.0,0.0
1320,BEBEDOURO,CATANDUVA,55.50652885511422,0.0,0.0
1321,BEBEDOURO,MATAO,73.62708733908124,0.0,0.0
1322,BEBEDOURO,RIBEIRAO PRETO,73.65393774080145,0.0,0.0
1323,URUGUAIANA,BARRA DO QUARAI,66.41317721625127,0.0,0.0
1324,URUGUAIANA,PORTO ALEGRE,567.4377397280955,0.0,0.0
1325,JULIO DE CASTILHOS,SANTA MARIA,52.52507571579452,0.0,0.0
1326,JULIO DE CASTILHOS,PARAISO DO SUL,71.26530354851415,0.0,0.0
1327,JULIO DE CASTILHOS,SANTANA DA BOA VISTA,190.33359919417293,0.0,0.0
1328,SANTANA DA BOA VISTA,CANGUCU,71.50589905607623,0.0,0.0
1329,SANTANA DA BOA VISTA,RIO GRANDE,160.7371076641107,0.0,0.0
1330,RIO REAL,TOBIAS BARRETO,34.306574772940046,0.0,0.0
1331,RIO REAL,CRISTINAPOLIS,19.10661952661979,0.0,0.0
1332,RIO REAL,MUCURI,753.6783852305349,0.0,0.0
1333,CAMPOS BELOS,ARRAIAS,21.686034904002863,0.0,0.0
1334,CAMPOS BELOS,PLANALTINA,283.62159401262335,0.0,0.0
1335,PEREIRA BARRETO,PRESIDENTE VENCESLAU,157.0398540505392,0.0,0.0
1336,PEREIRA BARRETO,ILHA SOLTEIRA,33.02502358370603,0.0,0.0
1337,PEREIRA BARRETO,TRES LAGOAS,63.37590295402986,0.0,0.0
1338,ILHA SOLTEIRA,TRES LAGOAS,54.07125127442353,0.0,0.0
1339,ILHA SOLTEIRA,MIRASSOL,194.36629507101577,0.0,0.0
1340,MIRASSOL,FRONTEIRA,68.98545757203365,0.0,0.0
1341,MIRASSOL,CATANDUVA,66.39638170012546,0.0,0.0
1342,MIRASSOL,CORDEIROPOLIS,282.516252275579,0.0,0.0
1343,BOM JESUS,SANTA FILOMENA,170.53320731961014,0.0,0.0
1344,BOM JESUS,REDENCAO DO GURGUEIA,51.512999451038795,0.0,0.0
1345,NOVO LINO,BARREIROS,54.64436555462641,0.0,0.0
1346,NOVO LINO,QUIPAPA,41.05483237115231,0.0,0.0
1347,NOVO LINO,SAO JOSE DA LAJE,43.28361794068467,0.0,0.0
1348,NOVO LINO,XEXEU,15.975847857754733,0.0,0.0
1349,NOVO LINO,PORTO REAL DO COLEGIO,188.84438837430275,0.0,0.0
1350,AGUAS LINDAS DE GOIAS,BRASILIA,37.70854170215862,0.0,0.0
1351,AGUAS LINDAS DE GOIAS,COCALZINHO DE GOIAS,52.86796437762518,0.0,0.0
1352,AGUAS LINDAS DE GOIAS,PADRE BERNARDO,66.85063816197793,0.0,0.0
1353,NOVA FLORESTA,ALCANTIL,144.0238433224008,0.0,0.0
1354,MACHADO,ALFENAS,28.17001345842739,0.0,0.0
1355,MACHADO,POUSO ALEGRE,61.048956473050865,0.0,0.0
1356,MACHADO,TRES CORACOES,69.32901133836664,0.0,0.0
1357,MACHADO,POCOS DE CALDAS,67.82106075710486,0.0,0.0
1358,TOUROS,NATAL,71.97347772388297,0.0,0.0
1359,TOUROS,BAIA FORMOSA,139.62641765961212,0.0,0.0
1360,GUARANTA DO NORTE,SINOP,220.90721045140688,0.0,0.0
1361,VIRGEM DA LAPA,ARACUAI,30.160814137685097,0.0,0.0
1362,VIRGEM DA LAPA,TURMALINA,66.91641915197485,0.0,0.0
1363,CAPAO BONITO,RIBEIRA,97.42141420894302,0.0,0.0
1364,CAPAO BONITO,ITAPETININGA,56.03696608553391,0.0,0.0
1365,CAPAO BONITO,ITARARE,100.79525832773442,0.0,0.0
1366,HUMBERTO DE CAMPOS,BARREIRINHAS,73.47212687130475,0.0,0.0
1367,HUMBERTO DE CAMPOS,MORROS,69.47329348119692,0.0,0.0
1368,IPAUMIRIM,MARIZOPOLIS,40.61830317500031,0.0,0.0
1369,IPAUMIRIM,LUIS GOMES,55.38807209041521,0.0,0.0
1370,IPAUMIRIM,FARIAS BRITO,94.79647174383267,0.0,0.0
1371,JERUMENHA,SAO JOAO DOS PATOS,70.0633053203298,0.0,0.0
1372,JERUMENHA,CRISTALANDIA DO PIAUI,436.3325943965485,0.0,0.0
1373,JERUMENHA,BARAO DE GRAJAU,65.27261879014198,0.0,0.0
1374,TRES FRONTEIRAS,CARNEIRINHO,63.16613499372524,0.0,0.0
1375,TRES FRONTEIRAS,ILHA SOLTEIRA,52.0360964469972,0.0,0.0
1376,AUGUSTO CORREA,BELEM,213.24421105404605,0.0,0.0
1377,CARIRA,ARACAJU,92.78966796269818,0.0,0.0
1378,CARIRA,PEDRO ALEXANDRE,43.34562819036548,0.0,0.0
1379,PIRANHAS,ARAGARCAS,73.68338100874774,0.0,0.0
1380,PIRANHAS,GOIANIA,274.3048521719585,0.0,0.0
1381,UMBURANAS,FEIRA DE SANTANA,308.2175971476043,0.0,0.0
1382,OURO BRANCO,ITAIBA,24.650581197947357,0.0,0.0
1383,OURO BRANCO,INAJA,59.90005907623493,0.0,0.0
1384,OURO BRANCO,DELMIRO GOUVEIA,74.93436261460853,0.0,0.0
1385,CAMPO MOURAO,NOVA TEBAS,61.812843070760444,0.0,0.0
1386,CAMPO MOURAO,GOIOERE,67.39357122798732,0.0,0.0
1387,CAMPO MOURAO,PEABIRU,15.132363774474287,0.0,0.0
1388,CAMPO MOURAO,CASCAVEL,149.07828241983088,0.0,0.0
1389,AREIA BRANCA,JANDUIS,122.09834925184926,0.0,0.0
1390,CORUMBA,TRES LAGOAS,652.7163940433878,0.0,0.0
1391,REMANSO,DIRCEU ARCOVERDE,49.42924822525067,0.0,0.0
1392,REMANSO,PEDRO ALEXANDRE,461.32751010302803,0.0,0.0
1393,IBITIARA,SEABRA,54.89493248379404,0.0,0.0
1394,EUSEBIO,SAO GONCALO DO AMARANTE,65.63393309770738,0.0,0.0
1395,EUSEBIO,PARAMBU,357.1090145467664,0.0,0.0
1396,EUSEBIO,ARACATI,106.30638020678889,0.0,0.0
1397,QUARAI,PELOTAS,420.53572298597027,0.0,0.0
1398,JARAGUA,COCALZINHO DE GOIAS,60.045421678391676,0.0,0.0
1399,JARAGUA,ITABERAI,58.56542581178294,0.0,0.0
1400,VIAMAO,GRAVATAI,15.944112338401984,0.0,0.0
1401,VIAMAO,SAO JERONIMO,69.03697392421225,0.0,0.0
1402,VIAMAO,NOVO HAMBURGO,45.19746712434862,0.0,0.0
1403,VIAMAO,PORTO ALEGRE,18.849003099871016,0.0,0.0
1404,VIAMAO,CANOAS,24.69870648017963,0.0,0.0
1405,VIAMAO,BALNEARIO PINHAL,77.60400727149107,0.0,0.0
1406,CANTA,CARACARAI,104.70939727198727,0.0,0.0
1407,CANTA,BOA VISTA,25.005907490942334,0.0,0.0
1408,GOIANA,JURIPIRANGA,34.16182113651708,0.0,0.0
1409,GOIANA,JABOATAO DOS GUARARAPES,61.45787846103963,0.0,0.0
1410,GOIANA,XEXEU,154.50091518786485,0.0,0.0
1411,GOIANA,CABEDELO,66.37020732633428,0.0,0.0
1412,GOIANA,CAAPORA,11.257093738332513,0.0,0.0
1413,BELO HORIZONTE,PARA DE MINAS,71.88561832166525,0.0,0.0
1414,BELO HORIZONTE,CONTAGEM,13.529069820985637,0.0,0.0
1415,BELO HORIZONTE,FRONTEIRA,551.9875899042069,0.0,0.0
1416,BELO HORIZONTE,MARIANA,74.51152928374829,0.0,0.0
1417,BELO HORIZONTE,EXTREMA,410.39931624726,0.0,0.0
1418,CARAVELAS,MUCURI,49.88789275892054,0.0,0.0
1419,VILA RICA,PONTAL DO ARAGUAIA,670.476574458611,0.0,0.0
1420,SERTANEJA,LONDRINA,45.57435861294452,0.0,0.0
1421,SERTANEJA,ASSIS,59.5265494784796,0.0,0.0
1422,SERTANEJA,FLORINIA,24.212020080511618,0.0,0.0
1423,PEDRA AZUL,MONTES CLAROS,285.3040437526059,0.0,0.0
1424,PEDRA AZUL,ENCRUZILHADA,66.8601427021838,0.0,0.0
1425,ICEM,PLANURA,55.95947992701582,0.0,0.0
1426,ICEM,FRONTEIRA,7.185950681581751,0.0,0.0
1427,ICEM,BEBEDOURO,100.47759101081202,0.0,0.0
1428,ICEM,MIRASSOL,63.21689661095539,0.0,0.0
1429,ICEM,OURINHOS,301.86834949660823,0.0,0.0
1430,BRUMADO,ANAGE,73.59616811544912,0.0,0.0
1431,BRUMADO,TANHACU,49.85288942204765,0.0,0.0
1432,BRUMADO,VITORIA DA CONQUISTA,115.19230847731461,0.0,0.0
1433,BEBERIBE,ARACATI,58.13299116903523,0.0,0.0
1434,ITAQUIRAI,NAVIRAI,46.28582451724759,0.0,0.0
1435,ITAQUIRAI,MUNDO NOVO,51.774986592664014,0.0,0.0
1436,JANDAIRA,TOBIAS BARRETO,48.452065249759926,0.0,0.0
1437,JANDAIRA,CRISTINAPOLIS,10.938247778305321,0.0,0.0
1438,JANDAIRA,LAURO DE FREITAS,159.57589263804385,0.0,0.0
1439,PARACATU,SIMAO PEREIRA,645.5985039209233,0.0,0.0
1440,VARGEM,JACUTINGA,70.03930738198129,0.0,0.0
1441,VARGEM,SAO PAULO,75.47753736065431,0.0,0.0
1442,VARGEM,EXTREMA,10.363463848635412,0.0,0.0
1443,VARGEM,ARUJA,57.43616105769461,0.0,0.0
1444,VARGEM,CAMPINAS,66.97151775123407,0.0,0.0
1445,VARGEM,JACAREI,64.64005077713804,0.0,0.0
1446,VARGEM,GUARULHOS,64.22563257928854,0.0,0.0
1447,VARGEM,JUNDIAI,59.6867909206493,0.0,0.0
1448,FORMOSO DO ARAGUAIA,TAGUATINGA,343.11481885016525,0.0,0.0
1449,JAU,PIRACICABA,105.66112165056761,0.0,0.0
1450,JAU,BAURU,54.415349495976095,0.0,0.0
1451,JAU,SAO PEDRO,72.52981226015821,0.0,0.0
1452,PEDRO CANARIO,NOVA VENECIA,65.99883877611997,0.0,0.0
1453,PEDRO CANARIO,SERRA DOS AIMORES,64.67567082219973,0.0,0.0
1454,PEDRO CANARIO,MUCURI,49.18874809822716,0.0,0.0
1455,PEDRO CANARIO,MIMOSO DO SUL,340.5224810698974,0.0,0.0
1456,VOTUPORANGA,BILAC,120.5878733254686,0.0,0.0
1457,VOTUPORANGA,MIRASSOL,64.64165012127613,0.0,0.0
1458,ARARIPINA,OURICURI,57.07237657846259,0.0,0.0
1459,ARARIPINA,FRONTEIRAS,55.977425974426716,0.0,0.0
1460,ARARIPINA,MARCOLANDIA,23.272003201699892,0.0,0.0
1461,ARARIPINA,PARNAMIRIM,115.96412468686601,0.0,0.0
1462,SALGUEIRO,PARNAMIRIM,50.092050838967204,0.0,0.0
1463,SALGUEIRO,PENAFORTE,28.656090321094926,0.0,0.0
1464,SALGUEIRO,BELEM DO SAO FRANCISCO,77.34024816068799,0.0,0.0
1465,MAFRA,CAPAO ALTO,214.2752883718896,0.0,0.0
1466,MAFRA,RIO NEGRO,2.5454359314227095,0.0,0.0
1467,TARUMIRIM,GALILEIA,58.63630308798002,0.0,0.0
1468,TARUMIRIM,GOVERNADOR VALADARES,48.041493366799834,0.0,0.0
1469,TARUMIRIM,CARATINGA,57.348378249333024,0.0,0.0
1470,TARUMIRIM,IPATINGA,60.12555600508224,0.0,0.0
1471,SONORA,MUNDO NOVO,709.5455974453675,0.0,0.0
1472,IUNA,CACHOEIRO DE ITAPEMIRIM,69.71090936071101,0.0,0.0
1473,IUNA,MARTINS SOARES,37.62876778627596,0.0,0.0
1474,IUNA,VITORIA,127.33468406024978,0.0,0.0
1475,CACHOEIRA DOS INDIOS,CONCEICAO,73.45989797997127,0.0,0.0
1476,CACHOEIRA DOS INDIOS,ITAPORANGA,2194.741091008867,0.0,0.0
1477,CACHOEIRA DOS INDIOS,MARIZOPOLIS,36.940820184911175,0.0,0.0
1478,CACHOEIRA DOS INDIOS,LUIS GOMES,64.6902507178306,0.0,0.0
1479,CACHOEIRA DOS INDIOS,CABEDELO,424.76758569340905,0.0,0.0
1480,VALPARAISO DE GOIAS,BRASILIA,32.13593154744544,0.0,0.0
1481,VALPARAISO DE GOIAS,CRISTALINA,87.16445979742298,0.0,0.0
1482,VALPARAISO DE GOIAS,CUMARI,245.2598568462172,0.0,0.0
1483,BONFIM,BOA VISTA,110.97741865086202,0.0,0.0
1484,ILHEUS,UBAITABA,62.06753679917725,0.0,0.0
1485,ILHEUS,ITAPE,41.958844501273546,0.0,0.0
1486,AGUAS DA PRATA,JACUTINGA,40.72570308801467,0.0,0.0
1487,AGUAS DA PRATA,POCOS DE CALDAS,22.800135505316124,0.0,0.0
1488,AGUAS DA PRATA,MOGI GUACU,53.702998198125634,0.0,0.0
1489,PICOS,ACAUA,133.88170828768844,0.0,0.0
1490,BATATAIS,SAO SEBASTIAO DO PARAISO,63.25318641191261,0.0,0.0
1491,BATATAIS,SANTO ANTONIO DA ALEGRIA,51.028955985088025,0.0,0.0
1492,BATATAIS,RIBEIRAO PRETO,38.205792424705415,0.0,0.0
1493,COMENDADOR LEVY GASPARIAN,TERESOPOLIS,48.5089564942546,0.0,0.0
1494,COMENDADOR LEVY GASPARIAN,ALEM PARAIBA,54.22131523008631,0.0,0.0
1495,COMENDADOR LEVY GASPARIAN,SIMAO PEREIRA,12.949605766854804,0.0,0.0
1496,COMENDADOR LEVY GASPARIAN,RIO DE JANEIRO,97.02778459314585,0.0,0.0
1497,FOZ DO IGUACU,MEDIANEIRA,56.10737689300207,0.0,0.0
1498,FOZ DO IGUACU,PARANAGUA,608.0248240624658,0.0,0.0
1499,MATA GRANDE,ITAIBA,39.556815464089304,0.0,0.0
1500,MATA GRANDE,INAJA,26.557303081687074,0.0,0.0
1501,MATA GRANDE,DELMIRO GOUVEIA,41.67612251975578,0.0,0.0
1502,MATA GRANDE,IBIMIRIM,64.34793170587854,0.0,0.0
1503,MATA GRANDE,MACEIO,227.41899307470842,0.0,0.0
1504,XAMBIOA,SAO GERALDO DO ARAGUAIA,3.6989769693313885,0.0,0.0
1505,XAMBIOA,TALISMA,712.1384586824478,0.0,0.0
1506,VARGEM GRANDE DO SUL,JACUTINGA,57.85883068271825,0.0,0.0
1507,VARGEM GRANDE DO SUL,POCOS DE CALDAS,33.75589806749618,0.0,0.0
1508,VARGEM GRANDE DO SUL,MOGI GUACU,59.758651806475505,0.0,0.0
1509,VARGEM GRANDE DO SUL,SAO CARLOS,104.65193496803228,0.0,0.0
1510,QUELUZ,ANGRA DOS REIS,70.28597331251845,0.0,0.0
1511,QUELUZ,CAXAMBU,63.80754186674999,0.0,0.0
1512,QUELUZ,CUNHA,63.00311013160938,0.0,0.0
1513,QUELUZ,POUSO ALTO,42.36811453648577,0.0,0.0
1514,QUELUZ,DELFIM MOREIRA,51.563271399158076,0.0,0.0
1515,QUELUZ,ITAMONTE,28.799187148829027,0.0,0.0
1516,QUELUZ,VOLTA REDONDA,69.70050703087348,0.0,0.0
1517,QUELUZ,RESENDE,34.28423010583609,0.0,0.0
1518,QUELUZ,BARRA DO TURVO,452.9402803416365,0.0,0.0
1519,NOVA LONDRINA,BATAYPORA,59.787260088299185,0.0,0.0
1520,NOVA LONDRINA,NOVA ANDRADINA,69.02076988497403,0.0,0.0
1521,NOVA LONDRINA,GUARATUBA,565.603910096848,0.0,0.0
1522,MOCOCA,SAO SEBASTIAO DO PARAISO,60.96565389402287,0.0,0.0
1523,MOCOCA,POCOS DE CALDAS,56.87208133498771,0.0,0.0
1524,MOCOCA,SANTO ANTONIO DA ALEGRIA,44.632905975478764,0.0,0.0
1525,MOCOCA,CAMPINAS,160.32077492243087,0.0,0.0
1526,VIRADOURO,BEBEDOURO,21.083585904062133,0.0,0.0
1527,VIRADOURO,CATANDUVA,76.58091173338711,0.0,0.0
1528,VIRADOURO,RIBEIRAO PRETO,60.01074557823593,0.0,0.0
1529,AFRANIO,ACAUA,33.44384118535139,0.0,0.0
1530,AFRANIO,PETROLINA,112.31677391012192,0.0,0.0
1531,NOVA LIMA,CONTAGEM,21.76679102316153,0.0,0.0
1532,NOVA LIMA,MARIANA,63.75393252494322,0.0,0.0
1533,SANTO ANTONIO DO DESCOBERTO,BRASILIA,39.43206543415798,0.0,0.0
1534,SANTO ANTONIO DO DESCOBERTO,COCALZINHO DE GOIAS,57.74163435400995,0.0,0.0
1535,SANTO ANTONIO DO DESCOBERTO,GOIANIA,135.65845604095006,0.0,0.0
1536,ATALAIA,CORRENTES,55.573601666518826,0.0,0.0
1537,ATALAIA,SAO JOSE DA LAJE,55.69894654215668,0.0,0.0
1538,ATALAIA,MACEIO,34.54629278464155,0.0,0.0
1539,ATALAIA,MARECHAL DEODORO,25.185434181194104,0.0,0.0
1540,MATARACA,BAIA FORMOSA,25.62974880687462,0.0,0.0
1541,MATARACA,CABEDELO,50.017504008928725,0.0,0.0
1542,MATARACA,CAAPORA,103.23430616396182,0.0,0.0
1543,CAMPINA GRANDE DO SUL,RIBEIRA,72.7566164862544,0.0,0.0
1544,CAMPINA GRANDE DO SUL,PARANAGUA,58.443463043422724,0.0,0.0
1545,CAMPINA GRANDE DO SUL,RIO NEGRO,115.2029131493835,0.0,0.0
1546,OUROESTE,CARNEIRINHO,47.299503580046775,0.0,0.0
1547,OUROESTE,CLEMENTINA,173.0093377470748,0.0,0.0
1548,CRUZEIRO DO OESTE,UMUARAMA,24.74833276850767,0.0,0.0
1549,CRUZEIRO DO OESTE,IPORA,68.76807001807492,0.0,0.0
1550,CRUZEIRO DO OESTE,GOIOERE,45.19532028580412,0.0,0.0
1551,CRUZEIRO DO OESTE,CAMPO MOURAO,77.01834607978523,0.0,0.0
1552,ARAGUATINS,PALESTINA DO PARA,23.94904708685427,0.0,0.0
1553,ARAGUATINS,AGUIARNOPOLIS,124.07782014167242,0.0,0.0
1554,MARTINOPOLIS,PARAPUA,56.29241412297112,0.0,0.0
1555,MARTINOPOLIS,PIRAPOZINHO,36.387077598524556,0.0,0.0
1556,MARTINOPOLIS,ASSIS,96.1768076144065,0.0,0.0
1557,MARTINOPOLIS,PRESIDENTE PRUDENTE,23.000430511952807,0.0,0.0
1558,PANORAMA,BATAGUASSU,71.03114416049682,0.0,0.0
1559,PANORAMA,BRASILANDIA,21.714958169337766,0.0,0.0
1560,PANORAMA,PRESIDENTE VENCESLAU,57.744644775626284,0.0,0.0
1561,PANORAMA,TRES LAGOAS,65.30558210584937,0.0,0.0
1562,PANORAMA,BAURU,305.50133777675984,0.0,0.0
1563,GARUVA,PARANAGUA,65.90730457051937,0.0,0.0
1564,GARUVA,GUARATUBA,32.169300366427066,0.0,0.0
1565,GARUVA,PASSO DE TORRES,374.71824885741137,0.0,0.0
1566,COTIA,BARUERI,11.478820570969226,0.0,0.0
1567,COTIA,SANTOS,71.11457949838258,0.0,0.0
1568,COTIA,SAO PAULO,29.510490426528104,0.0,0.0
1569,COTIA,PRAIA GRANDE,68.55266244616548,0.0,0.0
1570,COTIA,ARUJA,65.22375066749629,0.0,0.0
1571,COTIA,ITAPETININGA,115.08356849674655,0.0,0.0
1572,COTIA,GUARULHOS,42.64437724947828,0.0,0.0
1573,COTIA,SALTO,58.8347477468691,0.0,0.0
1574,COTIA,JUNDIAI,46.42065322477131,0.0,0.0
1575,COTIA,SOROCABA,54.89080949710598,0.0,0.0
1576,MOGI MIRIM,JACUTINGA,38.28898090266033,0.0,0.0
1577,MOGI MIRIM,MOGI GUACU,7.383328983071312,0.0,0.0
1578,MOGI MIRIM,CAMPINAS,53.753626102027305,0.0,0.0
1579,MOGI MIRIM,SAO PEDRO,99.0880613125358,0.0,0.0
1580,MOGI MIRIM,CORDEIROPOLIS,51.48764546664804,0.0,0.0
1581,TORRES,SAO JOSE DOS AUSENTES,72.7994334467247,0.0,0.0
1582,TORRES,PASSO DE TORRES,2.8334371372227394,0.0,0.0
1583,TORRES,OSORIO,80.39496292052523,0.0,0.0
1584,ARAGUARI,ROMARIA,69.97733281994135,0.0,0.0
1585,ARAGUARI,CATALAO,59.507363352001484,0.0,0.0
1586,ARAGUARI,CORUMBAIBA,68.26069220053802,0.0,0.0
1587,ARAGUARI,UBERLANDIA,31.064224337454192,0.0,0.0
1588,ARAGUARI,CUMARI,42.62167204381056,0.0,0.0
1589,ARAGUARI,DELTA,153.62627846387423,0.0,0.0
1590,SERTAOZINHO,BEBEDOURO,54.90656950515925,0.0,0.0
1591,SERTAOZINHO,MATAO,65.28204327637714,0.0,0.0
1592,SERTAOZINHO,FLORINIA,338.2398681975417,0.0,0.0
1593,SERTAOZINHO,RIBEIRAO PRETO,18.90383118516164,0.0,0.0
1594,SENGES,JAGUARIAIVA,28.807095610598793,0.0,0.0
1595,SENGES,ITAPORANGA,45.48108497666099,0.0,0.0
1596,SENGES,ITARARE,12.83817336737656,0.0,0.0
1597,SENGES,PONTA GROSSA,130.10046747877533,0.0,0.0
1598,RIO BONITO,NOVA FRIBURGO,48.140831930577974,0.0,0.0
1599,RIO BONITO,TERESOPOLIS,48.975390725700485,0.0,0.0
1600,RIO BONITO,SAO GONCALO,46.28730270752037,0.0,0.0
1601,RIO BONITO,ITABORAI,24.606709985535616,0.0,0.0
1602,RIO BONITO,RIO DE JANEIRO,62.567791093715975,0.0,0.0
1603,RIO BONITO,SAO PEDRO DA ALDEIA,55.58372973775633,0.0,0.0
1604,GUARANI DE GOIAS,FORMOSA,199.81917870416945,0.0,0.0
1605,PRESIDENTE EPITACIO,BATAGUASSU,32.58440329219723,0.0,0.0
1606,PRESIDENTE EPITACIO,BRASILANDIA,57.3092467947079,0.0,0.0
1607,PRESIDENTE EPITACIO,PRESIDENTE VENCESLAU,30.012445138474387,0.0,0.0
1608,PRESIDENTE EPITACIO,OURINHOS,267.12181802659757,0.0,0.0
1609,ITAPIRA,JACUTINGA,26.925181209197923,0.0,0.0
1610,ITAPIRA,EXTREMA,69.6056837759988,0.0,0.0
1611,ITAPIRA,MOGI GUACU,14.515967387137382,0.0,0.0
1612,ITAPIRA,CAMPINAS,57.886298083785235,0.0,0.0
1613,ITAPIRA,CORDEIROPOLIS,64.85830124827265,0.0,0.0
1614,ITAPIRA,PIRACICABA,90.97473529183738,0.0,0.0
1615,IGARAPAVA,DELTA,8.57543521932042,0.0,0.0
1616,IGARAPAVA,SAO PAULO,404.783136822843,0.0,0.0
1617,CHARQUEADA,PIRACICABA,28.175084514215246,0.0,0.0
1618,CHARQUEADA,SAO CARLOS,55.89891105806879,0.0,0.0
1619,CHARQUEADA,SAO PEDRO,14.42989221387145,0.0,0.0
1620,CHARQUEADA,TIETE,67.04676776362832,0.0,0.0
1621,CHARQUEADA,CORDEIROPOLIS,33.43268458328236,0.0,0.0
1622,CHARQUEADA,SALTO,91.26805456859795,0.0,0.0
1623,CASTILHO,BRASILANDIA,71.21895997130336,0.0,0.0
1624,CASTILHO,ILHA SOLTEIRA,50.830951691502015,0.0,0.0
1625,CASTILHO,TRES LAGOAS,23.959780824790773,0.0,0.0
1626,CASTILHO,JUNDIAI,538.725261044878,0.0,0.0
1627,CRISTAIS PAULISTA,SAO SEBASTIAO DO PARAISO,72.96787281972219,0.0,0.0
1628,CRISTAIS PAULISTA,DELTA,61.14665036005627,0.0,0.0
1629,CRISTAIS PAULISTA,RIBEIRAO PRETO,94.31763866497435,0.0,0.0
1630,ITIRAPINA,PIRACICABA,55.87272815095749,0.0,0.0
1631,ITIRAPINA,SAO CARLOS,27.498643102527083,0.0,0.0
1632,ITIRAPINA,SAO PEDRO,33.85793033475138,0.0,0.0
1633,ITIRAPINA,CORDEIROPOLIS,44.872615599464154,0.0,0.0
1634,ITIRAPINA,SANTA CRUZ DO RIO PARDO,199.94288245307368,0.0,0.0
1635,RUBINEIA,CARNEIRINHO,62.59199806736038,0.0,0.0
1636,RUBINEIA,ILHA SOLTEIRA,45.162148513323736,0.0,0.0
1637,RUBINEIA,MIRASSOL,170.4348202615459,0.0,0.0
